NO,共通ID,施設・場所名,住所,指定緊急避難場所との住所同一,その他市町村長が必要と認める事項,受入対象者,緯度,経度,備考
1,E2710000001111,阿倍野スポーツセンター,大阪府大阪市阿倍野区阿倍野筋3-10-1-100,,,,34.641893,135.51077,
2,E2710000003111,金塚小学校,大阪府大阪市阿倍野区旭町3-4-46,1,,,34.64278162,135.5076922,
3,E2710000006111,大阪キリスト教短期大学,大阪府大阪市阿倍野区丸山通1-3-61,1,,,34.63720154,135.5078884,
4,E2710000007111,丸山小学校,大阪府大阪市阿倍野区丸山通1-4-43,1,,,34.6373615,135.5091546,
5,E2710000009111,大谷中学校・高等学校,大阪府大阪市阿倍野区共立通2-8-4,1,,,34.63901165,135.5056257,
6,E2710000012111,苗代小学校,大阪府大阪市阿倍野区阪南町1-26-30,1,,,34.6356531,135.5167637,
7,E2710000013111,阿倍野高等学校,大阪府大阪市阿倍野区阪南町1-30-34,1,,,34.63548989,135.5152211,
8,E2710000014121,介護老人保健施設　やまき・あべの苑,大阪府大阪市阿倍野区阪南町1-45-8,,,要配慮者,34.63392517,135.5153921,
9,E2710000016121,グループホーム　まごころ,大阪府大阪市阿倍野区阪南町2-16-7,,,要配慮者,34.631651,135.5122548,
10,E2710000017111,阿倍野小学校,大阪府大阪市阿倍野区阪南町2-17-21,1,,,34.63194733,135.5129305,
11,E2710000019121,阿倍野区老人福祉センター,大阪府大阪市阿倍野区阪南町5-12-26,,,要配慮者,34.62304837,135.5136616,
12,E2710000020111,阪南小学校,大阪府大阪市阿倍野区阪南町5-7-40,1,,,34.62459719,135.512503,
13,E2710000023111,大阪府立天王寺高等学校,大阪府大阪市阿倍野区三明町2-4-23,1,,,34.639777,135.52098,
14,E2710000025111,桃山学院高等学校,大阪府大阪市阿倍野区昭和町3-1-64,1,,,34.62954648,135.5165734,
15,E2710000026111,阿倍野中学校,大阪府大阪市阿倍野区昭和町3-2-4,1,,,34.62941297,135.5184155,
16,E2710000027121,救護施設　平和寮,大阪府大阪市阿倍野区昭和町3-4-27,,,要配慮者,34.627771,135.516417,
17,E2710000027122,特別養護老人ホームミネルヴァあべの,大阪府大阪市阿倍野区昭和町3-4-27,,,要配慮者,34.627932,135.516382,
18,E2710000028111,大阪教育大学附属天王寺小学校,大阪府大阪市阿倍野区松崎町1-2-45,1,,,34.6447599,135.5185274,
19,E2710000029121,特別養護老人ホーム　阪和苑,大阪府大阪市阿倍野区松崎町2-3-10,,,要配慮者,34.6442505,135.5152624,
20,E2710000030111,常盤小学校,大阪府大阪市阿倍野区松崎町3-11-12,1,,,34.64116932,135.5176526,
21,E2710000032111,常盤小学校分校,大阪府大阪市阿倍野区松崎町3-2-9,,,,34.64152838,135.517794,
22,E2710000036111,松虫中学校,大阪府大阪市阿倍野区松虫通3-4-45,1,,,34.6350642,135.5052062,
23,E2710000037111,晴明丘小学校,大阪府大阪市阿倍野区晴明通10-34,1,,,34.63222394,135.5043349,
24,E2710000041121,高齢者デイサービスセンター　いくとくⅡ,大阪府大阪市阿倍野区長池町18-20,,,要配慮者,34.62343024,135.5183074,
25,E2710000042111,長池小学校,大阪府大阪市阿倍野区長池町20-26,1,,,34.62239348,135.5172409,
26,E2710000043111,晴明丘南小学校,大阪府大阪市阿倍野区帝塚山1-23-8,1,,,34.62408118,135.4966482,
27,E2710000044121,社会福祉法人大阪市阿倍野区社会福祉協議会,大阪府大阪市阿倍野区帝塚山1-3-8,,,要配慮者,34.62426411,135.5037353,
28,E2710000046111,あべの翔学高等学校（体育館）,大阪府大阪市阿倍野区天王寺町南2-8-19,,,,34.642404,135.5253705,
29,E2710000051111,高松小学校,大阪府大阪市阿倍野区天王寺町北3-17-19,1,,,34.64376933,135.5253056,
30,E2710000052121,特別養護老人ホーム　いくとく,大阪府大阪市阿倍野区天王寺町北3-18-16,,,要配慮者,34.64292703,135.5264099,
31,E2710000055111,昭和中学校,大阪府大阪市阿倍野区桃ケ池町2-3-17,1,,,34.62730156,135.5209473,
32,E2710000057111,文の里中学校,大阪府大阪市阿倍野区美章園1-5-52,1,,,34.63998667,135.522426,
33,E2710002843121,障害者支援施設　アテナ平和,大阪府大阪市阿倍野区美章園3-7-2,,,要配慮者,34.637695,135.522186,
34,E2710000059111,工芸高等学校,大阪府大阪市阿倍野区文の里1-7-2,1,,,34.63794383,135.5183975,
35,E2710000060111,明浄学院高等学校,大阪府大阪市阿倍野区文の里3-15-7,1,,,34.6355112,135.5214269,
36,E2710000062111,阪南中学校,大阪府大阪市阿倍野区北畠1-16-24,1,,,34.62593864,135.5063094,
37,E2710000064111,住吉高等学校,大阪府大阪市阿倍野区北畠2-4-1,1,,,34.62814878,135.5032261,
38,E2710000068121,特別養護老人ホーム　高殿苑,大阪府大阪市旭区高殿2-11-26,,,要配慮者,34.7184896,135.5368102,
39,E2710000071111,高殿南小学校,大阪府大阪市旭区高殿3-10-30,1,,,34.71392819,135.5394023,
40,E2710002859111,大阪市立旭スポーツセンター,大阪府大阪市旭区高殿5-3-25,,,,34.71674,135.54071,
41,E2710000078111,大阪府立旭高等学校,大阪府大阪市旭区高殿5-6-41,1,,,34.71867926,135.5420997,
42,E2710000080111,旭陽中学校,大阪府大阪市旭区高殿5-9-31,1,,,34.71830266,135.5401104,
43,E2710000081121,旭区在宅サービスセンター,大阪府大阪市旭区高殿6-16-1,,,要配慮者,34.71824926,135.5459968,
44,E2710000082121,特別養護老人ホーム　ゆうゆう,大阪府大阪市旭区高殿6-24-12,1,,要配慮者,34.719373,135.5465816,
45,E2710000083111,高殿小学校,大阪府大阪市旭区高殿6-9-10,1,,,34.71786984,135.5429766,
46,E2710000091111,新森小路小学校,大阪府大阪市旭区新森6-3-13,1,,,34.71637327,135.5620322,
47,E2710000092111,旭東中学校,大阪府大阪市旭区新森6-7-25,1,,,34.71740795,135.5612889,
48,E2710000094111,大阪府立光陽支援学校,大阪府大阪市旭区新森6-8-21,,,,34.7179637,135.5638555,
49,E2710000097111,古市小学校,大阪府大阪市旭区森小路2-10-35,1,,,34.72273701,135.5514022,
50,E2710000101121,特別養護老人ホーム　旭さくら苑,大阪府大阪市旭区清水3-15-23,,,要配慮者,34.72289869,135.5588753,
51,E2710000106111,清水小学校,大阪府大阪市旭区清水5-1-12,1,,,34.7231912,135.5614983,
52,E2710000108111,生江小学校,大阪府大阪市旭区生江1-10-21,1,,,34.72327497,135.5375461,
53,E2710000117121,生江特別養護老人ホーム　白寿荘,大阪府大阪市旭区生江3-27-1,,,要配慮者,34.72913173,135.5351997,
54,E2710000118121,地域在宅サービスステーション　翠,大阪府大阪市旭区生江3-27-6,,,要配慮者,34.72938795,135.5352306,
55,E2710002844121,社会福祉法人リベルタ　縁,大阪府大阪市旭区生江3-28-27,,,要配慮者,34.728268,135.537094,
56,E2710000121121,特別養護老人ホーム　あいあい,大阪府大阪市旭区赤川1-6-12,1,,要配慮者,34.72238183,135.5326649,
57,E2710000122121,特別養護老人ホーム　ライフライト,大阪府大阪市旭区赤川2-1-20,1,,要配慮者,34.7244248,135.5309594,
58,E2710003058121,居宅介護支援センター　てのはな　,大阪府大阪市旭区赤川2-13-14,,,要配慮者,34.724935,135.534661,
59,E2710000123111,城北小学校,大阪府大阪市旭区赤川3-13-47,1,,,34.72786141,135.5296282,
60,E2710000124121,生江障害者会館,大阪府大阪市旭区赤川4-1-30,,,要配慮者,34.72720556,135.533703,
61,E2710000127111,太子橋小学校,大阪府大阪市旭区太子橋1-12-15,1,,,34.73221476,135.5539244,
62,E2710000128121,豊里学園,大阪府大阪市旭区太子橋1-16-24,,,要配慮者,34.73195574,135.5504674,
63,E2710000133111,淀川工科高等学校,大阪府大阪市旭区太子橋3-1-32,1,,,34.73721195,135.5599248,
64,E2710000139111,大宮小学校,大阪府大阪市旭区大宮4-9-16,1,,,34.72737628,135.5468908,
65,E2710000142111,大阪府立思斉支援学校,大阪府大阪市旭区大宮5-11-7,1,,,34.73061007,135.5484783,
66,E2710000144111,今市中学校,大阪府大阪市旭区大宮5-13-40,1,,,34.73241653,135.549881,
67,E2710000145111,大阪工業大学,大阪府大阪市旭区大宮5-16-1,1,,,34.73076273,135.543976,
68,E2710000152111,大宮西小学校,大阪府大阪市旭区中宮1-8-14,1,,,34.72278622,135.5417532,
69,E2710000154111,大宮中学校,大阪府大阪市旭区中宮4-7-11,1,,,34.72665526,135.5411655,
70,E2710000156111,市岡中学校,大阪府大阪市港区磯路1-5-21,1,,,34.66662191,135.461659,
71,E2710000162111,磯路小学校,大阪府大阪市港区磯路3-7-7,1,,,34.66523316,135.4571829,
72,E2710000169111,港晴小学校,大阪府大阪市港区港晴1-3-12,1,,,34.65662821,135.4440122,
73,E2710000181121,小規模多機能あおぞら,大阪府大阪市港区三先1-1-19,,,要配慮者,34.661955,135.455684,
74,E2710000183111,港南中学校,大阪府大阪市港区三先1-5-28,1,,,34.66025749,135.456796,
75,E2710000187111,三先小学校,大阪府大阪市港区三先2-6-32,1,,,34.65884165,135.4531963,
76,E2710000189121,レストヴィラ弁天町,大阪府大阪市港区市岡1-2-24,,,要配慮者,34.66437178,135.4638146,
77,E2710000191121,ザイオン身体障害者デイサービスセンター,大阪府大阪市港区市岡1-5-30,,,要配慮者,34.66419453,135.4620918,
78,E2710000191123,特別養護老人ホーム　ザイオン,大阪府大阪市港区市岡1-5-30,,,要配慮者,34.66409269,135.4621369,
79,E2710000191122,ザイオン　デイサービスセンター,大阪府大阪市港区市岡1-5-30,,,要配慮者,34.66414326,135.4621174,
80,E2710000194111,市岡小学校,大阪府大阪市港区市岡3-2-24,1,,,34.66363193,135.4647366,
81,E2710000202111,大阪府立市岡高等学校,大阪府大阪市港区市岡元町2-12-12,1,,,34.66745104,135.4663128,
82,E2710000205111,市岡東中学校,大阪府大阪市港区市岡元町3-2-18,1,,,34.66695836,135.4650852,
83,E2710000207111,港中学校,大阪府大阪市港区池島1-5-35,1,,,34.65756726,135.4485119,
84,E2710000209111,池島小学校,大阪府大阪市港区池島2-5-47,1,,,34.65553793,135.4511944,
85,E2710000212121,ワークスいけじま,大阪府大阪市港区池島3-6-15,,,要配慮者,34.65450437,135.4488931,
86,E2710000214111,築港小学校,大阪府大阪市港区築港1-10-38,1,,,34.65301641,135.4361979,
87,E2710000216111,築港中学校,大阪府大阪市港区築港1-2-41,1,,,34.65280651,135.4379339,
88,E2710000218121,社会福祉法人秀生会　特別養護老人ホーム　ザイオン大阪港,大阪府大阪市港区築港1-9-7,,,要配慮者,34.653605,135.436412,
89,E2710000229111,田中小学校,大阪府大阪市港区田中2-10-34,1,,,34.6635576,135.4472177,
90,E2710000232121,救護施設　大阪市立第２港晴寮,大阪府大阪市港区田中3-1-130,,,要配慮者,34.6618916,135.4457592,
91,E2710000236121,ＳＯＭＰＯケア　そんぽの家　弁天町,大阪府大阪市港区南市岡2-5-9,,,要配慮者,34.664918,135.469156,
92,E2710000237111,南市岡小学校,大阪府大阪市港区南市岡2-6-35,1,,,34.66583272,135.4688816,
93,E2710000249111,大阪府立港高等学校,大阪府大阪市港区波除2-3-1,1,,,34.67091931,135.4655372,
94,E2710000251111,波除小学校,大阪府大阪市港区波除3-6-8,1,,,34.67185552,135.4623117,
95,E2710000258122,軽費老人ホーム　ケアハウス　なみよけ,大阪府大阪市港区波除5-4-7,,,要配慮者,34.67322735,135.4615384,
96,E2710000258121,デイサービスセンター　さくら,大阪府大阪市港区波除5-4-7,,,要配慮者,34.67326576,135.4615288,
97,E2710000260121,地域生活援助事業所メープル,大阪府大阪市港区波除6-4-14,,,要配慮者,34.67494919,135.4590325,
98,E2710000261121,港第二育成園,大阪府大阪市港区波除6-4-5,,,要配慮者,34.67491099,135.4590576,
99,E2710000261122,港育成園,大阪府大阪市港区波除6-4-5,,,要配慮者,34.67502575,135.4593109,
100,E2710000264111,八幡屋小学校,大阪府大阪市港区八幡屋3-3-5,1,,,34.65483232,135.4458613,
101,E2710000267125,特別養護老人ホーム　第２愛港園,大阪府大阪市港区八幡屋4-8-1,1,,要配慮者,34.65137621,135.4472834,
102,E2710000267121,グループホーム　ときめき,大阪府大阪市港区八幡屋4-8-1,1,,要配慮者,34.65166126,135.4470281,
103,E2710000267122,第２みなと　デイサービスセンター,大阪府大阪市港区八幡屋4-8-1,1,,要配慮者,34.65134929,135.4472696,
104,E2710000267123,みなと　デイサービスセンター,大阪府大阪市港区八幡屋4-8-1,1,,要配慮者,34.6516024,135.4467327,
105,E2710000267124,特別養護老人ホーム　愛港園,大阪府大阪市港区八幡屋4-8-1,1,,要配慮者,34.65157126,135.4467781,
106,E2710000275121,港区在宅デイサービスセンターひまわり,大阪府大阪市港区弁天2-15-1,,,要配慮者,34.66816047,135.4545571,
107,E2710000277121,特別養護老人ホーム　平成みなと苑,大阪府大阪市港区弁天2-8-16,,,要配慮者,34.66851724,135.4547277,
108,E2710000277122,ショートステイ　平成みなと苑,大阪府大阪市港区弁天2-8-16,,,要配慮者,34.66848095,135.4546968,
109,E2710000278111,弁天小学校,大阪府大阪市港区弁天2-9-35,1,,,34.66870708,135.4556665,
110,E2710000281121,介護老人保健施設　港さつき苑,大阪府大阪市港区弁天4-16-18,1,,要配慮者,34.67112259,135.4560792,
111,E2710000282121,第３グループホーム　やすらぎ,大阪府大阪市港区弁天5-11-20,,,要配慮者,34.67272822,135.4569961,
112,E2710000284121,第２グループホーム　やすらぎ,大阪府大阪市港区弁天5-12-8,,,要配慮者,34.67292093,135.456425,
113,E2710000285122,グループホーム　やすらぎ,大阪府大阪市港区弁天5-14-3,,,要配慮者,34.67265764,135.4557621,
114,E2710000285121,デイサービスセンター　やすらぎ,大阪府大阪市港区弁天5-14-3,,,要配慮者,34.67265276,135.4557462,
115,E2710000297111,高見小学校,大阪府大阪市此花区高見1-3-35,1,,,34.69054615,135.4603578,
116,E2710000302111,此花中学校,大阪府大阪市此花区高見2-14-31,1,,,34.69007014,135.4552826,
117,E2710000305111,株式会社セントラル・コールド・ストレージ,大阪府大阪市此花区桜島3-2-17,1,,,34.66245552,135.4273377,
118,E2710000310111,四貫島小学校,大阪府大阪市此花区四貫島2-16-29,1,,,34.68501173,135.4545741,
119,E2710000312121,大阪市立此花作業指導所,大阪府大阪市此花区四貫島2-26-17,,,要配慮者,34.68567054,135.4527144,
120,E2710000313111,春日出小学校,大阪府大阪市此花区春日出中1-13-23,1,,,34.68060686,135.452324,
121,E2710002845121,総合医療介護施設あかつき,大阪府大阪市此花区春日出中1-22-13,,,要配慮者,34.681694,135.452576,
122,E2710000319111,春日出中学校,大阪府大阪市此花区春日出南1-2-8,1,,,34.67854891,135.4579395,
123,E2710000326111,梅香中学校,大阪府大阪市此花区春日出北3-12-24,1,,,34.68086263,135.4440598,
124,E2710000336121,ケアハウス　大阪安立,大阪府大阪市此花区西九条3-4-61,1,,要配慮者,34.68580797,135.4680494,
125,E2710000338111,西九条小学校,大阪府大阪市此花区西九条4-3-41,1,,,34.68261119,135.4647448,
126,E2710002846121,介護老人保健施設あかつき,大阪府大阪市此花区西九条5-3-51,,,要配慮者,34.684723,135.464951,
127,E2710002865111,大阪市立此花スポーツセンター,大阪府大阪市此花区西九条6-1-27,,,,34.681137,135.463287,
128,E2710000346111,咲くやこの花中学校・高等学校,大阪府大阪市此花区西九条6-1-44,1,,,34.68053595,135.4616052,
129,E2710000347111,昇陽中学校・高等学校,大阪府大阪市此花区朝日1-1-9,1,,,34.6854358,135.4622429,
130,E2710000355111,伝法小学校,大阪府大阪市此花区伝法3-13-10,1,,,34.69026825,135.4515093,
131,E2710000357121,大阪市此花区在宅サービスセンター,大阪府大阪市此花区伝法3-2-27,1,,要配慮者,34.69033081,135.4545949,
132,E2710000368121,特別養護老人ホーム　ラヴィータ　ウーノ,大阪府大阪市此花区伝法6-5-12,,,要配慮者,34.68534645,135.4479959,
133,E2710000371111,島屋小学校,大阪府大阪市此花区島屋2-9-36,1,,,34.67778949,135.4393172,
134,E2710000373121,生活介護事業所　ぶるうむ此花,大阪府大阪市此花区島屋3-2-32,,,要配慮者,34.67591434,135.4453589,
135,E2710000377121,特別養護老人ホーム　ガーデン天使,大阪府大阪市此花区島屋4-1-11,1,,要配慮者,34.67403854,135.4437354,
136,E2710000393111,酉島小学校,大阪府大阪市此花区酉島2-5-12,1,,,34.68557503,135.4422875,
137,E2710000406111,梅香小学校,大阪府大阪市此花区梅香3-17-29,1,,,34.68230698,135.4553263,
138,E2710000408121,大阪市舞洲障がい者スポーツセンター,大阪府大阪市此花区白津2-1-46,,,要配慮者,34.66793804,135.4078905,
139,E2710000411111,住吉区老人福祉センター,大阪府大阪市住吉区遠里小野1-1-31,,,,34.60096197,135.4996561,
140,E2710000412111,英明幼稚園遠里小野,大阪府大阪市住吉区遠里小野1-2-25,1,,,34.60064821,135.4991935,
141,E2710000413111,大和川中学校,大阪府大阪市住吉区遠里小野2-11-4,1,,,34.5975086,135.4968891,
142,E2710000415122,養護老人ホーム　ゆうけいハートフル,大阪府大阪市住吉区遠里小野2-7-20,,,要配慮者,34.59668196,135.4973952,
143,E2710000415121,特別養護老人ホーム　ゆうけい創和,大阪府大阪市住吉区遠里小野2-7-20,,,要配慮者,34.59664657,135.4973954,
144,E2710000415123,グループホーム　ゆうけいスマイル,大阪府大阪市住吉区遠里小野2-7-20,,,要配慮者,34.59672128,135.4973989,
145,E2710000417111,遠里小野小学校,大阪府大阪市住吉区遠里小野6-6-27,1,,,34.59742123,135.4953214,
146,E2710000426121,ひよこ作業所,大阪府大阪市住吉区我孫子4-10-24,,,要配慮者,34.59700945,135.5097109,
147,E2710000427111,依羅小学校,大阪府大阪市住吉区我孫子4-11-48,1,,,34.59724141,135.5078284,
148,E2710000432121,特別養護老人ホーム　ウェルネスあびこ,大阪府大阪市住吉区我孫子西1-2-15,,,要配慮者,34.60469392,135.5083073,
149,E2710000433111,大空小学校,大阪府大阪市住吉区我孫子西1-6-12,1,,,34.60502404,135.5080958,
150,E2710000437111,我孫子中学校,大阪府大阪市住吉区我孫子東1-4-32,1,,,34.60464239,135.5117973,
151,E2710000438121,我孫子地域在宅サービスステーション　一隅苑,大阪府大阪市住吉区我孫子東1-4-37,,,要配慮者,34.60533818,135.5113627,
152,E2710000452111,苅田北小学校,大阪府大阪市住吉区苅田1-11-39,1,,,34.60379887,135.5207918,
153,E2710000453111,東我孫子中学校,大阪府大阪市住吉区苅田1-16-2,1,,,34.60302626,135.519783,
154,E2710000451111,苅田南小学校,大阪府大阪市住吉区苅田10-1-35,1,,,34.59456814,135.5138503,
155,E2710000456111,苅田小学校,大阪府大阪市住吉区苅田3-5-34,1,,,34.6019413,135.516208,
156,E2710000457111,大阪府教育センター附属高等学校,大阪府大阪市住吉区苅田4-1-72,1,,,34.6019647,135.5219229,
157,E2710002860111,大阪府教育センター,大阪府大阪市住吉区苅田4-13-23,,,,34.601677,135.518723,
158,E2710000458121,四恩るり保育園,大阪府大阪市住吉区苅田4-3-15,,,要配慮者,34.600683,135.521445,
159,E2710000458122,東我孫子地域在宅サービスステーション　ふれ愛の館しおん,大阪府大阪市住吉区苅田4-3-15,,,要配慮者,34.60067693,135.5214421,
160,E2710000459121,ふれ愛の館しおん地域密着型特別養護老人ホーム,大阪府大阪市住吉区苅田4-3-9,,,要配慮者,34.600696,135.522115,
161,E2710000465121,特別養護老人ホーム　さんらく苑,大阪府大阪市住吉区苅田5-16-10,,,要配慮者,34.60070736,135.5141621,
162,E2710000476111,浪速中学校・高等学校,大阪府大阪市住吉区山之内2-13-57,1,,,34.59828227,135.5005842,
163,E2710000477111,山之内小学校,大阪府大阪市住吉区山之内2-17-39,1,,,34.59589391,135.4998735,
164,E2710000479121,大和川地域在宅サービスステーション　アンパス住吉,大阪府大阪市住吉区山之内3-4-9,,,要配慮者,34.59235711,135.5017187,
165,E2710000482121,よさみ野障害者作業所,大阪府大阪市住吉区山之内4-12-31,,,要配慮者,34.59122981,135.5019412,
166,E2710000494111,大阪公立大学第２体育館,大阪府大阪市住吉区杉本3-3-138,,,,34.59242025,135.5086513,
167,E2710000495111,英明幼稚園住吉,大阪府大阪市住吉区清水丘1-24-10,1,,,34.60353089,135.4912824,
168,E2710000496121,ウィル（生活介護）,大阪府大阪市住吉区清水丘2-16-5,,,要配慮者,34.600994,135.490864,
169,E2710000499111,清水丘小学校,大阪府大阪市住吉区清水丘2-9-41,1,,,34.60177887,135.4928451,
170,E2710000500121,墨江丘地域在宅サービスステーション　ル・ロゼイ,大阪府大阪市住吉区清水丘3-15-3,,,要配慮者,34.59731376,135.4890141,
171,E2710000504111,三稜中学校,大阪府大阪市住吉区千躰1-5-22,1,,,34.60725897,135.4997349,
172,E2710000507121,浅香障がい者会館,大阪府大阪市住吉区浅香1-6-26,,,要配慮者,34.59070043,135.509412,
173,E2710000508121,はぁとらんど浅香,大阪府大阪市住吉区浅香1-7-15,,,要配慮者,34.59259599,135.5104219,
174,E2710000509122,ケアハウス　アップリケア・ハウス,大阪府大阪市住吉区浅香1-8-38,,,要配慮者,34.59200995,135.510848,
175,E2710000509121,特別養護老人ホーム　アップリケア・ホーム,大阪府大阪市住吉区浅香1-8-38,,,要配慮者,34.59200995,135.5108876,
176,E2710000510111,我孫子南中学校,大阪府大阪市住吉区浅香1-8-55,1,,,34.59320697,135.5113074,
177,E2710000513121,小規模多機能ホーム　夢家,大阪府大阪市住吉区浅香2-3-39,,,要配慮者,34.58902581,135.5061926,
178,E2710000514121,グルメ杵屋社会貢献　大領の家,大阪府大阪市住吉区大領2-8-20,,,要配慮者,34.6171682,135.5078046,
179,E2710000515111,大領小学校,大阪府大阪市住吉区大領3-3-5,1,,,34.6156093,135.5075184,
180,E2710000516111,大領中学校,大阪府大阪市住吉区大領4-3-25,1,,,34.61368106,135.5073136,
181,E2710000517121,大領地域の家　であい,大阪府大阪市住吉区大領5-6-2,,,要配慮者,34.61266013,135.5043446,
182,E2710000521111,大阪学芸高等学校,大阪府大阪市住吉区長居1-4-15,1,,,34.61526271,135.5124761,
183,E2710000527121,長居西地域在宅サービスステーション　ながいの里,大阪府大阪市住吉区長居西3-1-6,,,要配慮者,34.60882296,135.5085241,
184,E2710000529111,長居小学校,大阪府大阪市住吉区長居東3-3-40,1,,,34.60913135,135.5145431,
185,E2710000530121,ライフ・ネットワーク,大阪府大阪市住吉区長居東3-8-25,,,要配慮者,34.6077062,135.5161435,
186,E2710000531121,長居保育園乳児センター,大阪府大阪市住吉区長居東4-11-16,,,要配慮者,34.608605,135.51308,
187,E2710000531122,長居保育園,大阪府大阪市住吉区長居東4-11-16,,,要配慮者,34.608605,135.51308,
188,E2710000532111,住吉中学校,大阪府大阪市住吉区帝塚山西3-5-6,1,,,34.61933511,135.4957609,
189,E2710000533111,住吉小学校,大阪府大阪市住吉区帝塚山西4-1-35,1,,,34.61767004,135.4962996,
190,E2710000534111,帝塚山学院第２体育館,大阪府大阪市住吉区帝塚山中1-6-7,1,,,34.62067579,135.4983812,
191,E2710000535123,ケアハウス　帝塚山,大阪府大阪市住吉区帝塚山東2-1-35,,,要配慮者,34.62024752,135.5024262,
192,E2710000535122,介護老人保健施設　聖和苑,大阪府大阪市住吉区帝塚山東2-1-35,,,要配慮者,34.62049267,135.5023272,
193,E2710000535121,特別養護老人ホーム　玲風苑,大阪府大阪市住吉区帝塚山東2-1-35,,,要配慮者,34.62020909,135.5019351,
194,E2710000536122,特別養護老人ホーム　阪和帝塚山苑,大阪府大阪市住吉区帝塚山東2-1-41,,,要配慮者,34.62075353,135.5026025,
195,E2710000536121,養護老人ホーム阪和櫻美苑,大阪府大阪市住吉区帝塚山東2-1-41,,,要配慮者,34.62078229,135.5025591,
196,E2710000538121,特別養護老人ホーム　なごみ,大阪府大阪市住吉区帝塚山東5-10-15,,,要配慮者,34.61277168,135.4986574,
197,E2710000541121,住吉総合福祉センター,大阪府大阪市住吉区帝塚山東5-8-3,,,要配慮者,34.61367028,135.498564,
198,E2710000544111,大阪府立阪南高等学校,大阪府大阪市住吉区庭井2-18-81,1,,,34.595947,135.516006,
199,E2710000545111,東粉浜小学校,大阪府大阪市住吉区東粉浜2-3-26,1,,,34.619572,135.494585,
200,E2710000550121,介護老人保健施設　錦秀苑,大阪府大阪市住吉区南住吉1-22-17,,,要配慮者,34.60961668,135.5015054,
201,E2710000559111,住吉区民センター,大阪府大阪市住吉区南住吉3-15-56,,,,34.6041192,135.5008152,
202,E2710000560111,南住吉小学校,大阪府大阪市住吉区南住吉3-5-1,1,,,34.60466747,135.5036878,
203,E2710000566111,墨江小学校,大阪府大阪市住吉区墨江2-3-46,1,,,34.60834194,135.4959167,
204,E2710000567111,清明学院高等学校,大阪府大阪市住吉区墨江2-4-4,1,,,34.60772233,135.4946479,
205,E2710000568111,墨江丘中学校,大阪府大阪市住吉区墨江4-15-34,1,,,34.60611308,135.4944497,
206,E2710000582111,真住中学校,大阪府大阪市住之江区御崎2-2-32,1,,,34.61328149,135.4777957,
207,E2710000587121,デイサービスセンター　さざなみ,大阪府大阪市住之江区御崎4-6-10,1,,要配慮者,34.60924105,135.4799383,
208,E2710000588111,住之江小学校,大阪府大阪市住之江区御崎4-6-43,1,,,34.60993273,135.4792402,
209,E2710000592111,清江小学校,大阪府大阪市住之江区御崎5-7-18,1,,,34.60796041,135.4804309,
210,E2710000595111,住吉商業高等学校,大阪府大阪市住之江区御崎7-12-55,1,,,34.60401144,135.4797551,
211,E2710000598111,住之江中学校,大阪府大阪市住之江区御崎8-1-6,1,,,34.60583786,135.478401,
212,E2710000603111,安立小学校,大阪府大阪市住之江区住之江1-4-29,1,,,34.60440993,135.4882432,
213,E2710000620111,新北島小学校,大阪府大阪市住之江区新北島6-2-56,1,,,34.60557628,135.4636927,
214,E2710000622121,社会福祉法人福祥福祉会　豊泉家,大阪府大阪市住之江区新北島7-4-20,,,要配慮者,34.607933,135.461561,
215,E2710002847121,社会福祉法人健正福祉会　特別養護老人ホーム　カサブランカ,大阪府大阪市住之江区新北島8-1-80,,,要配慮者,34.607258,135.46225,
216,E2710000625111,新北島中学校,大阪府大阪市住之江区新北島8-2-46,1,,,34.60704164,135.4598393,
217,E2710000627111,加賀屋中学校,大阪府大阪市住之江区西加賀屋2-9-20,1,,,34.61938804,135.4761417,
218,E2710000631111,住吉川小学校,大阪府大阪市住之江区西加賀屋4-1-4,1,,,34.61482906,135.4787012,
219,E2710000661111,加賀屋東小学校,大阪府大阪市住之江区東加賀屋1-6-25,1,,,34.62018057,135.4843579,
220,E2710000665111,住之江会館,大阪府大阪市住之江区南加賀屋3-1-20,,,,34.60641589,135.4750027,
221,E2710000673121,デイサービスセンター　しらなみ,大阪府大阪市住之江区南港中3-3-43,,,要配慮者,34.62813181,135.421879,
222,E2710000674111,咲洲みなみ小中一貫校,大阪府大阪市住之江区南港中3-5-14,1,,,34.628507,135.425787,
223,E2710000676111,南港北中学校,大阪府大阪市住之江区南港中4-3-39,1,,,34.63560914,135.4232637,
224,E2710000677111,南港光小学校,大阪府大阪市住之江区南港中4-4-22,1,,,34.633727,135.4234168,
225,E2710000679111,南港桜小学校,大阪府大阪市住之江区南港中5-2-48,1,,,34.63536141,135.4212098,
226,E2710000685111,港南造形高等学校,大阪府大阪市住之江区南港東2-5-72,1,,,34.61338589,135.4415678,
227,E2710000692122,特別養護老人ホーム　浜木綿苑,大阪府大阪市住之江区南港北1-4-1,,,要配慮者,34.63840987,135.4253198,
228,E2710000692123,介護老人保健施設　雅秀苑,大阪府大阪市住之江区南港北1-4-1,,,要配慮者,34.63813664,135.4253824,
229,E2710000692124,ケアハウス　雅風苑,大阪府大阪市住之江区南港北1-4-1,,,要配慮者,34.63843251,135.4252784,
230,E2710000692121,養護老人ホーム　浜茄子苑,大阪府大阪市住之江区南港北1-4-1,,,要配慮者,34.63844526,135.4253436,
231,E2710000696121,特別養護老人ホーム　グルメ杵屋社会貢献の家,大阪府大阪市住之江区浜口東2-5-14,1,,要配慮者,34.61096325,135.4870848,
232,E2710000697111,住之江保健福祉センター分館,大阪府大阪市住之江区浜口東3-5-16,,,,34.60841882,135.4857703,
233,E2710000701111,北粉浜小学校,大阪府大阪市住之江区粉浜1-5-48,1,,,34.62278193,135.4910507,
234,E2710000702111,粉浜小学校,大阪府大阪市住之江区粉浜2-6-6,1,,,34.61811083,135.4904897,
235,E2710000706111,住吉第一中学校,大阪府大阪市住之江区粉浜西1-5-11,1,,,34.62139645,135.4878499,
236,E2710000714111,平林小学校,大阪府大阪市住之江区平林南2-6-48,1,,,34.60898373,135.4561658,
237,E2710000721121,デイサービスセンター　ブルーム北加賀屋,大阪府大阪市住之江区北加賀屋1-5-6,,,要配慮者,34.62199795,135.4807798,
238,E2710000722111,加賀屋小学校,大阪府大阪市住之江区北加賀屋2-5-26,1,,,34.62239076,135.4790241,
239,E2710000726121,特別養護老人ホーム　加賀屋の森,大阪府大阪市住之江区北加賀屋5-4-23,1,,要配慮者,34.62231085,135.4745976,
240,E2710000728111,敷津浦小学校,大阪府大阪市住之江区北島2-9-22,1,,,34.60265144,135.4779029,
241,E2710000733111,諏訪小学校,大阪府大阪市城東区永田2-15-5,1,,,34.68642672,135.5585255,
242,E2710000734111,城東中学校,大阪府大阪市城東区永田3-3-44,1,,,34.68187142,135.5556884,
243,E2710000736121,特別養護老人ホーム　城東こすもす苑,大阪府大阪市城東区蒲生2-2-38,1,,要配慮者,34.69812084,135.540482,
244,E2710000738121,特別養護老人ホーム　至善荘,大阪府大阪市城東区蒲生4-2-10,1,,要配慮者,34.69805904,135.5440365,
245,E2710000743121,まんてん堂グループホームじょうとう関目,大阪府大阪市城東区関目2-1-8,,,要配慮者,34.705762,135.550346,
246,E2710000745111,関目東小学校,大阪府大阪市城東区関目4-12-15,1,,,34.7107212,135.5534976,
247,E2710000749111,関目小学校,大阪府大阪市城東区関目6-5-5,1,,,34.71457027,135.5506656,
248,E2710000751111,菫中学校,大阪府大阪市城東区古市1-18-4,1,,,34.70677622,135.5575473,
249,E2710000752111,大阪産業大学附属高等学校,大阪府大阪市城東区古市1-20-26,1,,,34.70883148,135.559054,
250,E2710000758111,すみれ小学校,大阪府大阪市城東区古市2-6-38,1,,,34.7105697,135.5595114,
251,E2710000759111,大阪信愛学院高等学校,大阪府大阪市城東区古市2-7-30,1,,,34.71156073,135.5583503,
252,E2710000766111,鯰江小学校,大阪府大阪市城東区今福西3-9-27,1,,,34.70144926,135.5481643,
253,E2710000767111,鯰江中学校,大阪府大阪市城東区今福西4-7-20,1,,,34.70206667,135.5527388,
254,E2710000772111,鯰江東小学校,大阪府大阪市城東区今福東1-3-26,1,,,34.70068758,135.5552717,
255,E2710000776121,野江特別養護老人ホーム　城東園,大阪府大阪市城東区今福東2-2-25,1,,要配慮者,34.70335264,135.555061,
256,E2710000777111,今福小学校,大阪府大阪市城東区今福南2-1-53,1,,,34.69647844,135.5513097,
257,E2710000790111,城陽中学校,大阪府大阪市城東区鴫野西3-3-64,1,,,34.69438033,135.5420592,
258,E2710000794111,鴫野小学校,大阪府大阪市城東区鴫野西4-11-48,1,,,34.69144057,135.5414082,
259,E2710000798121,特別養護老人ホーム　しぎの黄金の里,大阪府大阪市城東区鴫野東2-26-12,1,,要配慮者,34.69193352,135.5486389,
260,E2710000799111,城東小学校,大阪府大阪市城東区鴫野東3-16-41,1,,,34.69117642,135.5478451,
261,E2710000802111,聖賢小学校,大阪府大阪市城東区新喜多2-4-35,1,,,34.69743358,135.543021,
262,E2710000806111,森之宮小学校,大阪府大阪市城東区森之宮1-6-64,1,,,34.68343282,135.5377278,
263,E2710000807121,社会福祉法人　平成福祉会特別養護老人ホーム　平成森之宮苑,大阪府大阪市城東区森之宮2-1-49,1,,要配慮者,34.684923,135.539178,
264,E2710002829121,ニチイケアセンター城東諏訪,大阪府大阪市城東区諏訪2-9-25,,,要配慮者,34.684805,135.560311,
265,E2710000809111,大阪府立成城高等学校,大阪府大阪市城東区諏訪3-11-41,1,,,34.68175651,135.5613,
266,E2710000811111,成育小学校,大阪府大阪市城東区成育1-5-19,1,,,34.70609157,135.5441335,
267,E2710000814121,グループホーム野江ゆおびか,大阪府大阪市城東区成育4-6-29,,,要配慮者,34.711843,135.542226,
268,E2710000815121,ディサービスセンター　和光,大阪府大阪市城東区成育5-22-16,,,要配慮者,34.71464246,135.5455772,
269,E2710000818121,大阪市城東区社会福祉協議会,大阪府大阪市城東区中央2-11-16,,,要配慮者,34.70238666,135.54376,
270,E2710000821111,大阪市立城東区民センター,大阪府大阪市城東区中央3-5-45,,,,34.703217,135.544782,
271,E2710000823111,蒲生中学校,大阪府大阪市城東区中央3-9-24,1,,,34.7052347,135.545499,
272,E2710000825111,中浜小学校,大阪府大阪市城東区中浜2-12-35,1,,,34.68526245,135.5440558,
273,E2710002799121,グループホームプラティア森之宮,大阪府大阪市城東区中浜3-1-21,,,要配慮者,34.68407,135.540423,
274,E2710000830121,ウィング,大阪府大阪市城東区東中浜1-2-4,,,要配慮者,34.68778569,135.5459699,
275,E2710000831121,アド企画,大阪府大阪市城東区東中浜2-10-13,,,要配慮者,34.68555171,135.5484173,
276,E2710000834111,東中浜小学校,大阪府大阪市城東区東中浜5-4-5,1,,,34.68444155,135.5489125,
277,E2710000837121,介護老人保健施設グリーンライフ,大阪府大阪市城東区東中浜9-3-9,,,要配慮者,34.682527,135.551993,
278,E2710000839121,介護老人保健施設放出ふれあいセンター,大阪府大阪市城東区放出西2-18-4,,,要配慮者,34.693859,135.558779,
279,E2710000840111,放出小学校,大阪府大阪市城東区放出西2-2-18,1,,,34.69465298,135.5556147,
280,E2710000841111,放出中学校,大阪府大阪市城東区放出西3-12-10,1,,,34.69042597,135.5578405,
281,E2710000850111,開明高等学校,大阪府大阪市城東区野江1-9-9,1,,,34.70130237,135.5384774,
282,E2710000852111,榎並小学校,大阪府大阪市城東区野江4-1-28,1,,,34.70928222,135.5396726,
283,E2710000855111,もと生野小学校,大阪府大阪市生野区舎利寺3-1-39,1,,,34.648152,135.536102,
284,E2710000856121,知的障害者通所施設（生活介護事業所）匠,大阪府大阪市生野区勝山南1-17-12,,,要配慮者,34.65297399,135.5269563,
285,E2710000857121,特別養護老人ホーム　夢の箱,大阪府大阪市生野区勝山南1-17-43,,,要配慮者,34.65284651,135.5266027,
286,E2710000858111,勝山小学校,大阪府大阪市生野区勝山南1-3-5,1,,,34.65386441,135.5274725,
287,E2710002861111,大阪偕星学園高等学校,大阪府大阪市生野区勝山南2-6-38,1,,,34.652687,135.52977,
288,E2710000860111,桃谷高等学校,大阪府大阪市生野区勝山南3-1-4,1,,,34.65342324,135.5334015,
289,E2710000862121,ファイン舎利寺（舎利寺リハビリテーションセンター）,大阪府大阪市生野区勝山南4-14-12,,,要配慮者,34.65211226,135.5384776,
290,E2710000863111,もと舎利寺小学校,大阪府大阪市生野区勝山南4-15-25,1,,,34.65222971,135.5388179,
291,E2710000865111,プール学院,大阪府大阪市生野区勝山北1-19-31,1,,,34.65500242,135.5281029,
292,E2710000866121,特別養護老人ホーム　あじさいの里,大阪府大阪市生野区勝山北3-13-20,,,要配慮者,34.65472474,135.5339225,
293,E2710000867111,桃谷中学校,大阪府大阪市生野区勝山北3-13-44,1,,,34.65498206,135.5335962,
294,E2710000869111,東桃谷小学校,大阪府大阪市生野区勝山北3-7-21,1,,,34.65580795,135.534131,
295,E2710000870121,指定障がい者支援施設　豊生園,大阪府大阪市生野区勝山北4-14-28,,,要配慮者,34.65421718,135.5365321,
296,E2710000871111,もと鶴橋中学校,大阪府大阪市生野区勝山北4-9-22,1,,,34.65689642,135.5376251,
297,E2710000872111,小路小学校,大阪府大阪市生野区小路2-24-40,1,,,34.66052764,135.5549827,
298,E2710000873111,東小路小学校,大阪府大阪市生野区小路東3-8-15,1,,,34.65919079,135.5593412,
299,E2710000874111,金光藤蔭高等学校,大阪府大阪市生野区小路東4-1-26,1,,,34.65737608,135.5565336,
300,E2710000876111,天理教葛上分教会,大阪府大阪市生野区新今里5-3-1,,,,34.66092993,135.5492102,
301,E2710000878111,東中川小学校,大阪府大阪市生野区新今里7-14-37,1,,,34.65947943,135.5501568,
302,E2710000879111,東生野中学校,大阪府大阪市生野区新今里7-9-25,1,,,34.66058907,135.5513429,
303,E2710000880111,義務教育学校　生野未来学園,大阪府大阪市生野区生野西3-5-40,1,,,34.65070934,135.5302654,
304,E2710000884111,生野工業高等学校,大阪府大阪市生野区生野東2-3-66,1,,,34.64732355,135.5306553,
305,E2710000885121,デイサービス夢の箱　生野,大阪府大阪市生野区生野東2-5-8,,,要配慮者,34.64838693,135.5313922,
306,E2710000895121,特別養護老人ホーム　巽さくらら苑,大阪府大阪市生野区巽中1-5-8,,,要配慮者,34.6516076,135.5499889,
307,E2710000896121,養護老人ホーム　みのり苑,大阪府大阪市生野区巽中2-14-1,,,要配慮者,34.64854979,135.5515802,
308,E2710000897111,巽小学校,大阪府大阪市生野区巽中3-12-5,1,,,34.64583983,135.5521987,
309,E2710000898121,特別養護老人ホーム　インパレスみのり苑,大阪府大阪市生野区巽中3-14-3,,,要配慮者,34.6475373,135.5518178,
310,E2710000899111,巽中学校,大阪府大阪市生野区巽中3-17-20,1,,,34.64683012,135.553553,
311,E2710000901111,大阪府立大阪わかば高等学校,大阪府大阪市生野区巽東3-10-75,1,,,34.65120181,135.5597782,
312,E2710000902111,新生野中学校,大阪府大阪市生野区巽東3-3-12,1,,,34.65227829,135.5580647,
313,E2710000903111,巽東小学校,大阪府大阪市生野区巽東3-8-13,1,,,34.64949472,135.5584544,
314,E2710000905121,特別養護老人ホーム　瑞光苑,大阪府大阪市生野区巽東4-11-10,,,要配慮者,34.64567441,135.5581123,
315,E2710000906111,大阪府立生野支援学校,大阪府大阪市生野区巽東4-2-47,1,,,34.64841398,135.5593526,
316,E2710000909111,巽南小学校,大阪府大阪市生野区巽南2-10-7,1,,,34.63844954,135.548733,
317,E2710000911121,特別養護老人ホーム　甍,大阪府大阪市生野区巽南3-7-30,,,要配慮者,34.64217926,135.550039,
318,E2710000912111,新巽中学校,大阪府大阪市生野区巽南4-2-53,1,,,34.63982511,135.5502956,
319,E2710000914111,北巽小学校,大阪府大阪市生野区巽北1-30-29,1,,,34.65418833,135.5474914,
320,E2710000916121,せいりょう巽北,大阪府大阪市生野区巽北3-4-13,,,要配慮者,34.65587186,135.5529725,
321,E2710000917121,特別養護老人ホーム　レインボー今里,大阪府大阪市生野区中川1-6-20,,,要配慮者,34.66246124,135.5424635,
322,E2710000918121,故郷の家介護サポートセンター・大阪,大阪府大阪市生野区中川2-4-26,,,要配慮者,34.66121611,135.5432172,
323,E2710000919111,大池小学校,大阪府大阪市生野区中川3-4-3,1,,,34.6596345,135.5446575,
324,E2710000920111,大池中学校,大阪府大阪市生野区中川6-3-6,1,,,34.65565352,135.5427827,
325,E2710002798111,ＮＲＢ日本理容美容専門学校,大阪府大阪市生野区鶴橋1-6-34,,,,34.662277,135.529683,
326,E2710002848121,社会福祉法人　弘道福祉会　上本町特別養護老人ホームラガール,大阪府大阪市生野区鶴橋1-9-34,,,要配慮者,34.662678,135.53038,
327,E2710000923121,つるはし地域交流センター,大阪府大阪市生野区鶴橋2-15-28,,,要配慮者,34.66277737,135.5333813,
328,E2710000924111,北鶴橋小学校,大阪府大阪市生野区鶴橋3-4-50,1,,,34.66400781,135.5345203,
329,E2710000926121,やすらぎ苑,大阪府大阪市生野区田島3-6-13,,,要配慮者,34.64879449,135.5425284,
330,E2710000927111,田島南小中一貫校第２校地,大阪府大阪市生野区田島3-7-38,1,,,34.64843721,135.5431908,
331,E2710000928111,田島南小中一貫校,大阪府大阪市生野区田島5-23-7,1,,,34.6435759,135.5433805,
332,E2710000930111,生野聴覚支援学校,大阪府大阪市生野区桃谷1-2-1,,,,34.66164278,135.5300515,
333,E2710000931111,鶴橋小学校,大阪府大阪市生野区桃谷2-20-32,1,,,34.65911258,135.532535,
334,E2710000933111,いくのコーライブズパーク,大阪府大阪市生野区桃谷5-5-37,1,,,34.65952576,135.5380792,
335,E2710000934111,もと林寺小学校,大阪府大阪市生野区林寺2-14-3,1,,,34.64460871,135.5329514,
336,E2710000937111,もと生野南小学校,大阪府大阪市生野区林寺6-6-7,1,,,34.64218196,135.5386425,
337,E2710000939111,明治小学校,大阪府大阪市西区阿波座2-3-35,1,,,34.6805678,135.4919018,
338,E2710003057111,大阪市立九条幼稚園（プレイルーム）,大阪府大阪市西区九条2-19-18,,,,34.675901,135.471774,
339,E2710000947111,九条東小学校,大阪府大阪市西区九条2-6-2,1,,,34.67565763,135.4724052,
340,E2710000950111,九条南小学校,大阪府大阪市西区九条南2-13-17,1,,,34.67307478,135.4726965,
341,E2710000955111,九条北小学校,大阪府大阪市西区九条南4-7-38,1,,,34.67687685,135.4682933,
342,E2710000956111,西船場小学校,大阪府大阪市西区江戸堀1-21-28,1,,,34.68850368,135.4938982,
343,E2710000957111,花乃井中学校,大阪府大阪市西区江戸堀2-8-29,1,,,34.6865105,135.4895166,
344,E2710000959121,特別養護老人ホーム　江之子島コスモス苑,大阪府大阪市西区江之子島1-8-44,,,要配慮者,34.68406429,135.4842277,
345,E2710000971111,西中学校,大阪府大阪市西区千代崎3-1-43,1,,,34.67152652,135.4789545,
346,E2710000976111,本田小学校,大阪府大阪市西区川口1-5-19,1,,,34.68150716,135.4815944,
347,E2710000978121,特別養護老人ホーム　すみれ苑,大阪府大阪市西区川口3-6-14,,,要配慮者,34.68153422,135.4776063,
348,E2710000978122,養護老人ホーム　すみれ苑,大阪府大阪市西区川口3-6-14,,,要配慮者,34.68159193,135.477579,
349,E2710000985111,もと堀江中学校,大阪府大阪市西区南堀江3-5-7,1,,,34.67077647,135.489883,
350,E2710000988111,日吉小学校,大阪府大阪市西区南堀江4-9-19,1,,,34.67115027,135.4845895,
351,E2710000989111,堀江小学校,大阪府大阪市西区北堀江3-2-16,1,,,34.67439463,135.4903174,
352,E2710000994111,堀江中学校,大阪府大阪市西区北堀江4-7-1,1,,,34.673684,135.4851124,
353,E2710001010111,靭幼稚園,大阪府大阪市西区靱本町1-19-13,1,,,34.6839805,135.4940929,
354,E2710001014121,ケアハウス　コスモスガーデン,大阪府大阪市西区靱本町3-6-18,,,要配慮者,34.68307387,135.4877613,
355,E2710001017111,もと松之宮小学校,大阪府大阪市西成区旭3-5-39,1,,,34.64499646,135.4884296,
356,E2710001019111,いまみや小中一貫校（新今宮小学校・今宮中学校）,大阪府大阪市西成区花園北1-8-32,1,,,34.6484418,135.4983474,
357,E2710001020111,もと弘治小学校,大阪府大阪市西成区花園北2-16-26,1,,,34.6441846,135.4970801,
358,E2710001024111,天下茶屋中学校,大阪府大阪市西成区橘1-8-2,1,,,34.6384841,135.4940892,
359,E2710001025111,橘小学校,大阪府大阪市西成区橘2-1-29,1,,,34.63957568,135.4917855,
360,E2710001027111,玉出中学校,大阪府大阪市西成区玉出西1-15-37,1,,,34.6268136,135.4884195,
361,E2710001031111,玉出小学校,大阪府大阪市西成区玉出中2-13-48,1,,,34.6244028,135.4915484,
362,E2710001035121,山王地域在宅サービスステーション　みどり苑,大阪府大阪市西成区山王1-6-5,,,要配慮者,34.64626099,135.5069242,
363,E2710001036111,山王集会所,大阪府大阪市西成区山王2-10-24,1,,,34.64598997,135.5053394,
364,E2710001038111,飛田ふれあい会館,大阪府大阪市西成区山王3-12-13,1,,,34.64380257,135.5045409,
365,E2710001039111,今宮工科高等学校,大阪府大阪市西成区出城1-1-6,1,,,34.65027026,135.4964823,
366,E2710001045121,ゆ～とあい　にしなり隣保館,大阪府大阪市西成区出城2-5-9,,,要配慮者,34.649694,135.491188,
367,E2710001053122,愛の家小規模多機能型居宅介護施設　大阪松,大阪府大阪市西成区松1-8-32,,,要配慮者,34.64157514,135.4935191,
368,E2710001053121,愛の家グループホーム　大阪松,大阪府大阪市西成区松1-8-32,,,要配慮者,34.64157514,135.4934798,
369,E2710001058111,天下茶屋小学校,大阪府大阪市西成区聖天下1-11-35,1,,,34.63698811,135.5016995,
370,E2710001059111,成南中学校,大阪府大阪市西成区千本中1-17-10,1,,,34.63361909,135.4904603,
371,E2710001060111,岸里小学校,大阪府大阪市西成区千本中1-8-22,1,,,34.63343762,135.4916396,
372,E2710001061111,千本小学校,大阪府大阪市西成区千本中2-8-8,1,,,34.63151566,135.4888172,
373,E2710001078111,長橋小学校,大阪府大阪市西成区長橋2-3-21,1,,,34.64812645,135.4922414,
374,E2710001081121,西成障害者会館,大阪府大阪市西成区長橋3-2-27,,,要配慮者,34.647991,135.489742,
375,E2710001083111,鶴見橋中学校,大阪府大阪市西成区長橋3-9-23,1,,,34.6486375,135.4872396,
376,E2710001084111,西成高等学校,大阪府大阪市西成区津守1-13-10,1,,,34.64719887,135.4821734,
377,E2710001088111,もと津守小学校,大阪府大阪市西成区津守3-1-66,1,,,34.64063383,135.4846694,
378,E2710001095121,住宅型有料老人ホーム大きな手鶴見橋,大阪府大阪市西成区鶴見橋3-2-5,,,要配慮者,34.64592877,135.4898993,
379,E2710001097111,もと今宮小学校,大阪府大阪市西成区天下茶屋1-17-14,1,,,34.64197671,135.500342,
380,E2710001100121,救護施設ひきふね,大阪府大阪市西成区天下茶屋北1-3-19,,,要配慮者,34.64491488,135.5028567,
381,E2710001100122,障害者支援施設いまみや,大阪府大阪市西成区天下茶屋北1-3-19,,,要配慮者,34.64495462,135.5028705,
382,E2710001101121,特別養護老人ホーム　ローズ,大阪府大阪市西成区天下茶屋北2-4-7,,,要配慮者,34.64286748,135.5013234,
383,E2710001110121,アルト有料老人ホームグランツ,大阪府大阪市西成区南津守1-5-25,,,要配慮者,34.63431883,135.485695,
384,E2710001116121,アルトグループホームハウゼン,大阪府大阪市西成区南津守3-1-6,,,要配慮者,34.63303037,135.4857592,
385,E2710001121111,南津守小学校,大阪府大阪市西成区南津守6-1-14,1,,,34.62803193,135.4854135,
386,E2710001125121,特別養護老人ホーム　白寿苑,大阪府大阪市西成区南津守7-12-32,,,要配慮者,34.62434257,135.4838765,
387,E2710001125122,軽費老人ホーム　ケアハウス白寿苑,大阪府大阪市西成区南津守7-12-32,,,要配慮者,34.62431651,135.4838765,
388,E2710001127121,有料老人ホーム　つむぎ苑,大阪府大阪市西成区南津守7-14-33,,,要配慮者,34.62265989,135.4825718,
389,E2710001131111,まつば小学校,大阪府大阪市西成区梅南3-2-25,1,,,34.64244248,135.4890375,
390,E2710001132111,梅南中学校,大阪府大阪市西成区梅南3-3-17,1,,,34.6425574,135.4878438,
391,E2710001144111,北津守小学校,大阪府大阪市西成区北津守3-3-40,1,,,34.65154576,135.4833417,
392,E2710001151111,歌島中学校,大阪府大阪市西淀川区歌島2-11-9,1,,,34.71529815,135.4605085,
393,E2710001152111,歌島小学校,大阪府大阪市西淀川区歌島2-5-18,1,,,34.71404668,135.4615234,
394,E2710001168111,御幣島小学校,大阪府大阪市西淀川区御幣島3-5-5,1,,,34.71693638,135.4565478,
395,E2710001176111,香簑小学校,大阪府大阪市西淀川区御幣島6-5-25,1,,,34.72068722,135.4531897,
396,E2710001182111,出来島小学校,大阪府大阪市西淀川区出来島2-2-24,1,,,34.70427863,135.4370846,
397,E2710001187111,大阪府立出来島支援学校,大阪府大阪市西淀川区出来島3-3-6,1,,,34.70199512,135.4342305,
398,E2710001188111,市営大野住宅集会所,大阪府大阪市西淀川区出来島3-7-11,,,,34.69813112,135.4396025,
399,E2710001188112,大野百島コミュニティ会館,大阪府大阪市西淀川区出来島3-7-11,,,,34.69808121,135.439602,
400,E2710001190121,特定非営利活動法人いきいき,大阪府大阪市西淀川区千舟2-10-6,,,要配慮者,34.71106848,135.4518274,
401,E2710001192121,特別養護老人ホーム　ルーチェ千舟,大阪府大阪市西淀川区千舟2-7-2,,,要配慮者,34.71177204,135.4530514,
402,E2710001196111,好文学園女子高等学校,大阪府大阪市西淀川区千舟3-8-22,1,,,34.71012392,135.4485334,
403,E2710001204121,生活介護事業所　よつば,大阪府大阪市西淀川区大和田2-5-11,,,要配慮者,34.70290642,135.4424644,
404,E2710001204122,西淀川特別養護老人ホーム,大阪府大阪市西淀川区大和田2-5-11,,,要配慮者,34.70285652,135.4424933,
405,E2710001208111,大和田小学校,大阪府大阪市西淀川区大和田4-3-24,1,,,34.70594635,135.445043,
406,E2710001215111,淀中学校,大阪府大阪市西淀川区大和田6-13-6,1,,,34.70582951,135.4403496,
407,E2710001221111,川北小学校,大阪府大阪市西淀川区中島1-11-20,1,,,34.70427333,135.4296122,
408,E2710001227111,佃小学校,大阪府大阪市西淀川区佃1-21-12,1,,,34.71660166,135.446921,
409,E2710001229111,佃西小学校,大阪府大阪市西淀川区佃2-15-30,1,,,34.71475684,135.4444196,
410,E2710001230111,佃中学校,大阪府大阪市西淀川区佃2-15-93,1,,,34.71608976,135.4455025,
411,E2710001238111,柏里小学校,大阪府大阪市西淀川区柏里2-13-33,1,,,34.71014688,135.4659264,
412,E2710001249111,姫島小学校,大阪府大阪市西淀川区姫島1-10-4,1,,,34.70157704,135.455678,
413,E2710001251122,社会福祉法人　陽光福祉会　陽光ひめじま苑,大阪府大阪市西淀川区姫島2-15-8,1,,要配慮者,34.704248,135.44823,
414,E2710001251121,せいりょう姫島,大阪府大阪市西淀川区姫島2-15-8,1,,要配慮者,34.70129,135.452671,
415,E2710001269111,西淀中学校,大阪府大阪市西淀川区姫島6-10-5,1,,,34.70265588,135.4468778,
416,E2710001270121,姫島こども園,大阪府大阪市西淀川区姫島6-3-33,,,要配慮者,34.70114432,135.4470016,
417,E2710001271121,風の子そだち園,大阪府大阪市西淀川区姫島6-3-5,,,要配慮者,34.7010011,135.4473828,
418,E2710001277111,姫里小学校,大阪府大阪市西淀川区姫里2-8-24,1,,,34.70645238,135.4583783,
419,E2710001285121,介護老人福祉施設　水都ホーム福町,大阪府大阪市西淀川区福町2-11-7,1,,要配慮者,34.69567065,135.4421604,
420,E2710001285122,養護老人ホーム　たいら,大阪府大阪市西淀川区福町2-11-7,1,,要配慮者,34.69538837,135.4423642,
421,E2710001287121,西淀川地域在宅サービスステーション,大阪府大阪市西淀川区福町2-4-16,,,要配慮者,34.6977282,135.4412775,
422,E2710001288111,福小学校,大阪府大阪市西淀川区福町2-5-23,1,,,34.69803268,135.4421558,
423,E2710002864111,大阪市立西淀川スポーツセンター,大阪府大阪市西淀川区野里2-10-35,,,,34.709946,135.460022,
424,E2710001294111,野里小学校,大阪府大阪市西淀川区野里2-21-13,1,,,34.71116853,135.4611918,
425,E2710001296111,淀商業高等学校,大阪府大阪市西淀川区野里3-3-15,1,,,34.71005079,135.4589705,
426,E2710001299111,三軒家西小学校,大阪府大阪市大正区三軒家西1-20-26,1,,,34.66500241,135.4770766,
427,E2710001305111,三軒家東小学校,大阪府大阪市大正区三軒家東2-12-59,1,,,34.66055581,135.4794829,
428,E2710001306111,大正東中学校,大阪府大阪市大正区三軒家東4-4-30,1,,,34.66221036,135.4773858,
429,E2710001307121,大正区ふれあい福祉センター,大阪府大阪市大正区小林西1-14-3,1,,要配慮者,34.64623932,135.4685164,
430,E2710001309111,小林小学校,大阪府大阪市大正区小林東2-4-45,1,,,34.64651979,135.4738395,
431,E2710001313111,大正中央中学校,大阪府大阪市大正区小林東3-23-5,1,,,34.6440605,135.4717336,
432,E2710001316111,泉尾東小学校,大阪府大阪市大正区千島1-16-16,1,,,34.65394747,135.4747946,
433,E2710002849121,特別養護老人ホーム　ビーナスホーム千島園,大阪府大阪市大正区千島1-23-26,,,要配慮者,34.652332,135.476562,
434,E2710001321111,泉尾北小学校,大阪府大阪市大正区泉尾2-21-24,1,,,34.66042987,135.4706146,
435,E2710001322111,大正白稜高等学校,大阪府大阪市大正区泉尾3-19-50,1,,,34.65897729,135.4708553,
436,E2710001324111,中泉尾小学校,大阪府大阪市大正区泉尾3-23-34,1,,,34.65949465,135.4694315,
437,E2710001325121,大正区老人福祉センター,大阪府大阪市大正区泉尾3-9-16,,,要配慮者,34.657169,135.4722425,
438,E2710001327111,泉尾工業高等学校,大阪府大阪市大正区泉尾5-16-7,1,,,34.65475652,135.4686207,
439,E2710001328111,北恩加島小学校,大阪府大阪市大正区泉尾5-17-31,1,,,34.65448569,135.4683069,
440,E2710001334121,介護老人保健施設つるまち,大阪府大阪市大正区鶴町2-15-18,,,要配慮者,34.637618,135.454086,
441,E2710002850121,特別養護老人ホーム　幸楽園,大阪府大阪市大正区鶴町2-19-28,,,要配慮者,34.63953,135.454697,
442,E2710001337111,鶴町小学校,大阪府大阪市大正区鶴町2-6-24,1,,,34.63939478,135.4563769,
443,E2710001349111,南恩加島小学校,大阪府大阪市大正区南恩加島3-6-11,1,,,34.63616511,135.469879,
444,E2710001352111,大正西中学校,大阪府大阪市大正区南恩加島6-14-37,1,,,34.6362095,135.4650007,
445,E2710001354111,平尾小学校,大阪府大阪市大正区平尾2-21-28,1,,,34.64084889,135.4740387,
446,E2710001361111,大正北中学校,大阪府大阪市大正区北村3-1-1,1,,,34.65000799,135.4691346,
447,E2710001362121,泉尾特別養護老人ホーム　大正園,大阪府大阪市大正区北村3-4-3,,,要配慮者,34.64973187,135.4673332,
448,E2710001363122,軽費老人ホームケアハウス　つつじ荘,大阪府大阪市大正区北村3-5-10,,,要配慮者,34.6504981,135.4674894,
449,E2710001363121,泉尾特別養護老人ホーム　第二大正園,大阪府大阪市大正区北村3-5-10,,,要配慮者,34.65051625,135.4674409,
450,E2710001364121,障害者支援施設　ふくろうの社,大阪府大阪市大正区北村3-5-12,,,要配慮者,34.65012062,135.4669771,
451,E2710002867121,中津特別養護老人ホーム　喜久寿苑,大阪府大阪市大淀南2-2-51,,,要配慮者,34.701965,135.48688,
452,E2710001365111,中央小学校,大阪府大阪市中央区瓦屋町2-8-4,1,,,34.67107763,135.5127179,
453,E2710001367111,中央区民センター,大阪府大阪市中央区久太郎町1-2-27,,,,34.68117994,135.5098808,
454,E2710001369111,真宗大谷派難波別院（南御堂）,大阪府大阪市中央区久太郎町4-1-11,1,,,34.68013046,135.4998112,
455,E2710000813111,玉造幼稚園,大阪府大阪市中央区玉造1-9-10,1,,,34.67577,135.53066,
456,E2710002862111,学校法人城星学園,大阪府大阪市中央区玉造2-23-26,,,,34.677853,135.528259,
457,E2710001372111,玉造小学校,大阪府大阪市中央区玉造2-3-43,1,,,34.67867221,135.5297005,
458,E2710001374121,グループホームフレンド大阪中央,大阪府大阪市中央区高津3-14-26,,,要配慮者,34.664446,135.510612,
459,E2710001375111,高津小学校,大阪府大阪市中央区高津3-4-21,1,,,34.66570867,135.5106292,
460,E2710001376111,開平小学校,大阪府大阪市中央区今橋1-5-7,1,,,34.69052399,135.5084077,
461,E2710001378111,中大江小学校、中大江幼稚園,大阪府大阪市中央区糸屋町2-3-14,1,,,34.68551589,135.5125075,
462,E2710001379111,東中学校,大阪府大阪市中央区手前4-1-5,,,,34.6829091,135.5182221,
463,E2710001381111,中央聴覚支援学校,大阪府大阪市中央区上町1-19-31,1,,,34.67765685,135.5229759,
464,E2710001385121,中央区在宅サービスセンター,大阪府大阪市中央区上本町西2-5-25,,,要配慮者,34.67372749,135.5188044,
465,E2710001386111,上町中学校,大阪府大阪市中央区上本町西3-2-30,1,,,34.67239853,135.5186014,
466,E2710001393122,大阪城南ケアセンターそよ風,大阪府大阪市中央区森ノ宮中央2-5-3,,,要配慮者,34.680244,135.5292,
467,E2710001397111,大手前高等学校,大阪府大阪市中央区大手前2-1-11,1,,,34.68724614,135.5198211,
468,E2710001399111,もと南高等学校,大阪府大阪市中央区谷町6-17-32,,,,34.67445011,135.5128058,
469,E2710000808111,桃園幼稚園,大阪府大阪市中央区谷町6-5-34,1,,,34.67478,135.51615,
470,E2710001401111,中央高等学校,大阪府大阪市中央区釣鐘町1-1-5,1,,,34.68819588,135.5163885,
471,E2710001402111,南中学校,大阪府大阪市中央区島之内1-10-23,1,,,34.6739357,135.5089321,
472,E2710001403112,大阪市立中央スポーツセンター,大阪府大阪市中央区島之内2-12-31,,,,34.671837,135.50795,
473,E2710001403111,中央会館,大阪府大阪市中央区島之内2-12-31,,,,34.67161234,135.5079619,
474,E2710001405111,南小学校,大阪府大阪市中央区東心斎橋1-14-29,1,,,34.67338452,135.5041479,
475,E2710001266111,銅座幼稚園,大阪府大阪市中央区内久宝寺町1-1-4,1,,,34.677748,135.518575,
476,E2710001407111,南幼稚園,大阪府大阪市中央区南船場3-2-19,1,,,34.67699077,135.5025279,
477,E2710001410111,河原会館,大阪府大阪市中央区難波千日前5-25,,,,34.66404665,135.5046318,
478,E2710001413111,南大江小学校,大阪府大阪市中央区農人橋1-3-3,1,,,34.68030945,135.514888,
479,E2710001416111,相愛中学校・高等学校,大阪府大阪市中央区本町4-1-23,1,,,34.68408683,135.4997824,
480,E2710001417111,本願寺津村別院（北御堂）,大阪府大阪市中央区本町4-1-3,1,,,34.68485382,135.4995377,
481,E2710001418111,愛日会館,大阪府大阪市中央区本町4-7-11,1,,,34.68453154,135.4982089,
482,E2710001421111,茨田高等学校,大阪府大阪市鶴見区安田1-5-49,1,,,34.70364718,135.5868861,
483,E2710001422121,特別養護老人ホーム　ファミリー,大阪府大阪市鶴見区安田2-1-27,,,要配慮者,34.70266749,135.5913368,
484,E2710001423111,茨田小学校,大阪府大阪市鶴見区安田2-1-8,1,,,34.70279509,135.5905952,
485,E2710001426111,茨田北中学校,大阪府大阪市鶴見区茨田大宮1-1-31,1,,,34.710904,135.5880888,
486,E2710001428121,茨田大宮保育所,大阪府大阪市鶴見区茨田大宮3-1-43,,,要配慮者,34.70721911,135.596323,
487,E2710001432111,茨田東小学校,大阪府大阪市鶴見区茨田大宮3-7-61,1,,,34.70873657,135.595441,
488,E2710002851121,茨田大宮地域在宅サービスステーションちどり,大阪府大阪市鶴見区茨田大宮3-8-33,,,要配慮者,34.709709,135.597351,
489,E2710001444111,横堤中学校,大阪府大阪市鶴見区横堤1-11-27,1,,,34.7023818,135.5694651,
490,E2710001445111,横堤小学校,大阪府大阪市鶴見区横堤1-11-83,1,,,34.70146176,135.5700836,
491,E2710001454111,茨田西小学校,大阪府大阪市鶴見区横堤5-13-61,1,,,34.70734397,135.5731627,
492,E2710002812111,鶴見区子ども・子育てプラザ,大阪府大阪市鶴見区今津中1-1-14,,,,34.693054,135.567411,
493,E2710001456111,今津中学校,大阪府大阪市鶴見区今津中1-3-55,1,,,34.69290174,135.5679582,
494,E2710001458111,汎愛高等学校,大阪府大阪市鶴見区今津中2-1-52,1,,,34.69214627,135.5705301,
495,E2710001460121,視覚障害リハビリテーションセンター,大阪府大阪市鶴見区今津中2-4-37,,,要配慮者,34.69128824,135.5718342,
496,E2710001464111,今津小学校,大阪府大阪市鶴見区今津中4-1-48,1,,,34.69322812,135.5771833,
497,E2710001466121,特別養護老人ホーム　リベルタヴィータ,大阪府大阪市鶴見区今津南3-5-5,,,要配慮者,34.68873232,135.5738689,
498,E2710001467112,榎本小学校,大阪府大阪市鶴見区今津北1-5-35,1,,,34.69474709,135.5684843,
499,E2710001467111,大阪市立榎本幼稚園,大阪府大阪市鶴見区今津北1-5-35,1,,,34.695687,135.56917,
500,E2710001474111,茨田南小学校,大阪府大阪市鶴見区諸口1-3-71,1,,,34.69830154,135.5778662,
501,E2710001483111,茨田中学校,大阪府大阪市鶴見区諸口3-4-44,1,,,34.70366023,135.578081,
502,E2710002853121,有料老人ホームゆうわ,大阪府大阪市鶴見区諸口6-1-16,,,要配慮者,34.705406,135.574661,
503,E2710002852122,介護老人福祉施設ゆうわ,大阪府大阪市鶴見区諸口6-1-17,,,要配慮者,34.705502,135.574661,
504,E2710002852121,ショートステイゆうわ,大阪府大阪市鶴見区諸口6-1-17,,,要配慮者,34.705502,135.574661,
505,E2710001486121,グリーンシティー秀和,大阪府大阪市鶴見区諸口6-2-7,,,要配慮者,34.70461046,135.5755404,
506,E2710001494111,焼野小学校,大阪府大阪市鶴見区焼野1-3-44,1,,,34.71623749,135.5842841,
507,E2710001502111,鶴見南小学校,大阪府大阪市鶴見区鶴見2-17-22,1,,,34.69904109,135.5657979,
508,E2710001510111,鶴見小学校,大阪府大阪市鶴見区鶴見4-14-10,1,,,34.70533446,135.5642612,
509,E2710001515111,緑中学校,大阪府大阪市鶴見区鶴見6-6-11,1,,,34.70866174,135.5644813,
510,E2710001516111,茨田北小学校,大阪府大阪市鶴見区浜3-8-66,1,,,34.7089366,135.5861111,
511,E2710001526111,鶴見商業高等学校,大阪府大阪市鶴見区緑2-10-9,1,,,34.7103609,135.5665216,
512,E2710001527111,みどり小学校,大阪府大阪市鶴見区緑2-4-45,1,,,34.71044455,135.5641103,
513,E2710001528111,水の館ホール,大阪府大阪市鶴見区緑地公園,1,,,34.710757,135.57734,
514,E2710001528112,鶴見スポーツセンター,大阪府大阪市鶴見区緑地公園,1,,,34.710439,135.576954,
515,E2710001532111,大阪ビジネスフロンティア高等学校,大阪府大阪市天王寺区烏ケ辻2-9-26,1,,,34.65548669,135.5244993,
516,E2710001533111,高津高等学校,大阪府大阪市天王寺区餌差町10-47,1,,,34.66942453,135.5248365,
517,E2710001534111,大阪明星学園,大阪府大阪市天王寺区餌差町5-44,1,,,34.67203694,135.5258725,
518,E2710001537111,真田山小学校,大阪府大阪市天王寺区玉造本町14-41,1,,,34.67186054,135.5275341,
519,E2710002805121,（一社）大阪府助産師会,大阪府大阪市天王寺区細工谷1-1-5,,,要配慮者,34.66297,135.525471,
520,E2710001539111,大江小学校,大阪府大阪市天王寺区四天王寺1-9-18,1,,,34.65621665,135.5146681,
521,E2710001541111,聖和小学校,大阪府大阪市天王寺区寺田町1-6-37,1,,,34.6517439,135.522002,
522,E2710001543111,夕陽丘中学校,大阪府大阪市天王寺区小宮町6-28,1,,,34.66060174,135.5195939,
523,E2710001544111,五条小学校,大阪府大阪市天王寺区小宮町9-28,1,,,34.65906448,135.5194912,
524,E2710001547111,生魂小学校,大阪府大阪市天王寺区上汐4-1-25,1,,,34.66321413,135.5170399,
525,E2710001550111,大阪市立男女共同参画センター中央館,大阪府大阪市天王寺区上汐5-6-25,,,,34.65980071,135.5155678,
526,E2710001554121,障害者支援施設　知恩寮、障害児入所施設　法然寮,大阪府大阪市天王寺区城南寺町1-10,,,要配慮者,34.67064941,135.5239912,
527,E2710001555111,高津中学校,大阪府大阪市天王寺区城南寺町1-31,1,,,34.67147901,135.5234312,
528,E2710001556121,天森養護老人ホーム,大阪府大阪市天王寺区城南寺町2-23,,,要配慮者,34.67124833,135.5228025,
529,E2710001558111,大阪市立天王寺スポーツセンター,大阪府大阪市天王寺区真田山町5-109,,,,34.67086476,135.5285912,
530,E2710001569111,大阪夕陽丘学園,大阪府大阪市天王寺区生玉町7-72,1,,,34.66031877,135.5123948,
531,E2710001571111,清風学園,大阪府大阪市天王寺区石ケ辻町12-16,1,,,34.66323592,135.5218993,
532,E2710001572121,ホテルアウィーナ大阪,大阪府大阪市天王寺区石ケ辻町19-12,,,要配慮者,34.66340774,135.5205385,
533,E2710001573111,天王寺小学校,大阪府大阪市天王寺区大道1-4-49,1,,,34.65286032,135.5149843,
534,E2710001580111,桃陽小学校,大阪府大阪市天王寺区堂ケ芝1-2-23,1,,,34.66143671,135.5286684,
535,E2710002854121,大阪赤十字病院附属大手前整肢学園,大阪府大阪市天王寺区筆ケ崎町5-30,,,要配慮者,34.664013,135.525162,
536,E2710001583111,天王寺中学校,大阪府大阪市天王寺区北河堀町6-20,1,,,34.64955732,135.5173738,
537,E2710001584111,夕陽丘高等学校,大阪府大阪市天王寺区北山町10-10,1,,,34.658877,135.5226556,
538,E2710001586111,味原小学校,大阪府大阪市天王寺区味原町8-19,1,,,34.6673022,135.5282308,
539,E2710001591111,高倉中学校,大阪府大阪市都島区御幸町1-1-10,1,,,34.71264852,135.532616,
540,E2710001593121,高倉地域在宅サービスステーション　からまつ,大阪府大阪市都島区御幸町2-10-12,,,要配慮者,34.71681021,135.534925,
541,E2710001594121,あかまつ園,大阪府大阪市都島区御幸町2-10-23,,,要配慮者,34.71662668,135.5349081,
542,E2710001601121,生活リハビリ館　デイサービスセンター,大阪府大阪市都島区高倉町3-2-31,,,要配慮者,34.71779543,135.5319253,
543,E2710001602111,高倉小学校,大阪府大阪市都島区高倉町3-3-10,1,,,34.71865988,135.5331981,
544,E2710001605111,都島工業高等学校,大阪府大阪市都島区善源寺町1-5-64,1,,,34.71070934,135.5256417,
545,E2710002855121,そんぽの家　城北,大阪府大阪市都島区大東町3-5-19,1,,要配慮者,34.726978,135.52858,
546,E2710001607121,介護老人保健施設　東雄苑都島,大阪府大阪市都島区中野町1-13-12,,,要配慮者,34.70124099,135.5239368,
547,E2710001609111,中野小学校,大阪府大阪市都島区中野町3-10-5,1,,,34.70286952,135.5242351,
548,E2710001610111,都島中学校,大阪府大阪市都島区中野町3-9-33,1,,,34.70277375,135.5255613,
549,E2710001611121,大阪市立都島区老人福祉センター,大阪府大阪市都島区中野町4-2-24-108,,,要配慮者,34.70171901,135.5238359,
550,E2710001612121,軽費老人ホーム　ラフォーレからまつ,大阪府大阪市都島区中野町5-10-60,,,要配慮者,34.70655965,135.5243308,
551,E2710001613122,特別養護老人ホーム　からまつ苑,大阪府大阪市都島区中野町5-10-70,,,要配慮者,34.70651768,135.5239444,
552,E2710001613121,中野地域在宅サービスステーション　からまつ,大阪府大阪市都島区中野町5-10-70,,,要配慮者,34.70643712,135.5239791,
553,E2710001616121,介護老人保健施設　桜の宮苑,大阪府大阪市都島区都島中通1-7-1,,,要配慮者,34.70492535,135.5283207,
554,E2710001623121,特別養護老人ホーム　青都荘,大阪府大阪市都島区都島中通3-14-20,,,要配慮者,34.70487217,135.5359023,
555,E2710001624121,デイサービスフレッシュケアー,大阪府大阪市都島区都島中通3-5-14,,,要配慮者,34.7035259,135.5358413,
556,E2710001627121,とどまつ園,大阪府大阪市都島区都島北通2-12-25,,,要配慮者,34.71001829,135.5316747,
557,E2710001630111,都島小学校,大阪府大阪市都島区都島本通3-10-3,1,,,34.70715535,135.52757,
558,E2710001632121,特別養護老人ホーム　ひまわりの郷,大阪府大阪市都島区都島本通4-10-19,,,要配慮者,34.70707909,135.531805,
559,E2710001634111,東都島小学校,大阪府大阪市都島区都島本通4-24-20,1,,,34.70829044,135.5337788,
560,E2710001636111,桜宮小学校,大阪府大阪市都島区東野田町1-10-19,1,,,34.69660089,135.5274501,
561,E2710001640111,東高等学校,大阪府大阪市都島区東野田町4-15-14,1,,,34.69945307,135.5286258,
562,E2710001642111,桜宮中学校,大阪府大阪市都島区東野田町5-16-10,1,,,34.70167076,135.5366841,
563,E2710001644121,生活訓練施設　加光,大阪府大阪市都島区東野田町5-5-16,,,要配慮者,34.69956365,135.5350015,
564,E2710001647111,内代小学校,大阪府大阪市都島区内代町3-4-6,1,,,34.71328063,135.5369093,
565,E2710001652111,大東小学校,大阪府大阪市都島区毛馬町2-11-111,1,,,34.72315408,135.5252992,
566,E2710001658121,生活介護　たんばや,大阪府大阪市都島区毛馬町2-8-26,,,要配慮者,34.72177184,135.5251961,
567,E2710001660111,淀川中学校,大阪府大阪市都島区毛馬町3-5-12,1,,,34.72219169,135.5192734,
568,E2710001661111,淀川小学校,大阪府大阪市都島区毛馬町3-5-39,1,,,34.72213861,135.5210341,
569,E2710001666111,桜宮高等学校,大阪府大阪市都島区毛馬町5-22-28,1,,,34.72700002,135.5236879,
570,E2710001668121,淀川地域在宅サービスステーション　ゆめ,大阪府大阪市都島区毛馬町5-5-23,,,要配慮者,34.7254298,135.5252148,
571,E2710001674121,友渕地域在宅サービスステーション　ひまわり,大阪府大阪市都島区友渕町1-3-108,,,要配慮者,34.72016812,135.5276791,
572,E2710001675111,友渕小学校,大阪府大阪市都島区友渕町1-3-123,1,,,34.71939642,135.5268638,
573,E2710001676111,友渕小学校分校,大阪府大阪市都島区友渕町1-3-187,1,,,34.71698933,135.5224413,
574,E2710001677111,友渕中学校,大阪府大阪市都島区友渕町1-5-151,1,,,34.71607377,135.5263445,
575,E2710001680121,めばえデイサービスセンター,大阪府大阪市東住吉区駒川1-21-21,,,要配慮者,34.63459038,135.5307802,
576,E2710001686111,桑津小学校,大阪府大阪市東住吉区桑津5-13-13,1,,,34.63549005,135.5314451,
577,E2710001687111,東住吉中学校,大阪府大阪市東住吉区桑津5-17-25,1,,,34.63504175,135.5319744,
578,E2710001696111,矢田西中学校,大阪府大阪市東住吉区公園南矢田2-12-47,1,,,34.60499674,135.5240398,
579,E2710001697111,矢田西小学校,大阪府大阪市東住吉区公園南矢田2-15-43,1,,,34.6044851,135.5256864,
580,E2710001698121,ケアハウス　シエスタ,大阪府大阪市東住吉区公園南矢田2-17-28,,,要配慮者,34.60296056,135.5254005,
581,E2710001700121,障害者支援施設　ヴァンサンクの郷,大阪府大阪市東住吉区公園南矢田3-13-22,1,,要配慮者,34.60165534,135.5262816,
582,E2710001706121,特別養護老人ホーム　あっとほうむ,大阪府大阪市東住吉区杭全1-4-20,,,要配慮者,34.640538,135.5359719,
583,E2710001707111,育和小学校,大阪府大阪市東住吉区杭全4-10-12,1,,,34.63452616,135.5378799,
584,E2710001711111,白鷺中学校,大阪府大阪市東住吉区今川1-2-21,1,,,34.63134776,135.5362418,
585,E2710001715111,今川小学校,大阪府大阪市東住吉区今川4-24-4,1,,,34.62716853,135.5354351,
586,E2710001717121,今林の里,大阪府大阪市東住吉区今林3-1-87,,,要配慮者,34.63406112,135.5449257,
587,E2710001722111,矢田東小学校,大阪府大阪市東住吉区住道矢田2-7-43,1,,,34.60273621,135.5382089,
588,E2710001726111,矢田中学校,大阪府大阪市東住吉区住道矢田9-7-55,1,,,34.60197959,135.5410696,
589,E2710001729111,矢田北小学校,大阪府大阪市東住吉区照ケ丘矢田2-1-55,1,,,34.60856377,135.5362984,
590,E2710001728111,城南学園,大阪府大阪市東住吉区照ケ丘矢田2-14-19,1,,,34.60792748,135.5378713,
591,E2710001736121,グループホーム　ゆめ長居公園,大阪府大阪市東住吉区鷹合3-1-33,,,要配慮者,34.61234333,135.5271842,
592,E2710001735111,鷹合小学校,大阪府大阪市東住吉区鷹合3-12-38,1,,,34.61195494,135.5291528,
593,E2710001740111,中野中学校,大阪府大阪市東住吉区中野4-4-25,1,,,34.62039422,135.5404019,
594,E2710001741112,長居陸上競技場,大阪府大阪市東住吉区長居公園1-1,1,,,34.61412154,135.5185982,
595,E2710001741113,長居第２陸上競技場,大阪府大阪市東住吉区長居公園1-1,1,,,34.61133229,135.5187249,
596,E2710001741111,長居球技場,大阪府大阪市東住吉区長居公園1-1,1,,,34.6152685,135.5166027,
597,E2710001742111,田辺小学校,大阪府大阪市東住吉区田辺2-3-34,1,,,34.62619473,135.525851,
598,E2710001746111,東田辺小学校,大阪府大阪市東住吉区東田辺2-14-6,1,,,34.61996652,135.5274374,
599,E2710001748111,南百済小学校,大阪府大阪市東住吉区湯里1-15-40,1,,,34.61519479,135.5349398,
600,E2710001749121,デイサービスセンター　ヴァンサンク,大阪府大阪市東住吉区湯里2-5-8,,,要配慮者,34.61438634,135.5363811,
601,E2710001751121,特別養護老人ホーム　ヴァンサンク東住吉,大阪府大阪市東住吉区湯里5-13-5,,,要配慮者,34.61144301,135.5371851,
602,E2710001753111,湯里小学校,大阪府大阪市東住吉区湯里6-8-3,1,,,34.61036949,135.539739,
603,E2710001754111,早川福祉会館,大阪府大阪市東住吉区南田辺1-9-28,,,,34.62150031,135.5254812,
604,E2710001755111,南田辺小学校,大阪府大阪市東住吉区南田辺4-3-4,1,,,34.6176525,135.522246,
605,E2710001756111,田辺中学校,大阪府大阪市東住吉区南田辺4-7-24,1,,,34.61584924,135.5221336,
606,E2710001759111,北田辺小学校,大阪府大阪市東住吉区北田辺3-11-14,1,,,34.63282976,135.5248312,
607,E2710001766111,大阪芸術大学短期大学部,大阪府大阪市東住吉区矢田2-14-19,1,,,34.60822586,135.5313356,
608,E2710001767111,やたなか小中一貫校（矢田小学校・矢田南中学校）,大阪府大阪市東住吉区矢田3-4-27,1,,,34.6039903,135.5280006,
609,E2710001770111,大阪府立東住吉支援学校,大阪府大阪市東住吉区矢田5-1-22,1,,,34.60188449,135.5280925,
610,E2710001777121,特別養護老人ホーム　花嵐,大阪府大阪市東住吉区矢田6-8-7,,,要配慮者,34.60230957,135.532181,
611,E2710001780121,特別養護老人ホーム　ゆめあまみ,大阪府大阪市東住吉区矢田7-6-10,1,,要配慮者,34.59540374,135.530124,
612,E2710001782111,玉津中学校,大阪府大阪市東成区玉津1-12-43,1,,,34.67099865,135.538443,
613,E2710001783111,中道小学校,大阪府大阪市東成区玉津1-7-39,1,,,34.67250671,135.5381159,
614,E2710001784122,支援センター中,大阪府大阪市東成区玉津2-11-28,,,要配慮者,34.668262,135.535156,
615,E2710001788111,深江小学校,大阪府大阪市東成区深江南1-4-6,1,,,34.6722166,135.5559587,
616,E2710001791121,軽費老人ホーム　レインボー,大阪府大阪市東成区深江南3-14-6,,,要配慮者,34.67015085,135.5615924,
617,E2710001793122,特別養護老人ホーム　称揚苑,大阪府大阪市東成区深江北1-14-8,,,要配慮者,34.67507032,135.556408,
618,E2710001793121,慶生会リハｂｙデイ深江北,大阪府大阪市東成区深江北1-14-8,,,要配慮者,34.67506341,135.556604,
619,E2710001795111,東陽中学校,大阪府大阪市東成区深江北2-5-7,1,,,34.6776225,135.5592793,
620,E2710001797121,特別養護老人ホーム　サンローズオオサカ,大阪府大阪市東成区神路1-10-3,,,要配慮者,34.67863557,135.5550287,
621,E2710001798111,宝栄小学校,大阪府大阪市東成区神路1-15-48,1,,,34.67760465,135.5550923,
622,E2710001799111,相生中学校,大阪府大阪市東成区神路2-8-16,1,,,34.67461077,135.5539104,
623,E2710001800121,生活介護事務所　ハーモニー,大阪府大阪市東成区神路3-2-20,,,要配慮者,34.673175,135.554755,
624,E2710001801121,サラダぼーる,大阪府大阪市東成区神路3-7-10,,,要配慮者,34.665887,135.541313,
625,E2710001802121,生活介護事業所　ふりーすぺーすＳＵＮ,大阪府大阪市東成区大今里1-10-20,,,要配慮者,34.673787,135.547873,
626,E2710001803111,今里小学校,大阪府大阪市東成区大今里1-35-29,1,,,34.67192164,135.5448507,
627,E2710001807111,神路小学校,大阪府大阪市東成区大今里4-6-19,1,,,34.66966152,135.5505019,
628,E2710001809121,東成育成園,大阪府大阪市東成区大今里西1-1-15,,,要配慮者,34.67286782,135.5399232,
629,E2710002837121,大阪障害者就労支援センター,大阪府大阪市東成区大今里西1-29-14,,,要配慮者,34.669884,135.542145,
630,E2710001812121,東成工房,大阪府大阪市東成区大今里西3-17-17,,,要配慮者,34.67951,135.550185,
631,E2710001814111,大成小学校,大阪府大阪市東成区大今里西3-2-62,1,,,34.66746969,135.540393,
632,E2710001815121,有料老人ホーム　グラート大今里,大阪府大阪市東成区大今里南1-1-21,,,要配慮者,34.66809364,135.5432195,
633,E2710001817111,片江小学校,大阪府大阪市東成区大今里南2-13-2,1,,,34.66639475,135.5466061,
634,E2710001818121,東成区在宅サービスセンター,大阪府大阪市東成区大今里南3-11-2,,,要配慮者,34.66618719,135.5493991,
635,E2710000742121,グループホーム　ハヌルの家,大阪府大阪市東成区大今里南5-17-2,,,要配慮者,34.66553,135.55382,
636,E2710001821111,北中道幼稚園,大阪府大阪市東成区中道2-2-19,1,,,34.68069388,135.5380786,
637,E2710001823121,特別養護老人ホーム　ハミングベル中道,大阪府大阪市東成区中道2-7-1,,,要配慮者,34.68048138,135.5393267,
638,E2710001824111,北中道小学校,大阪府大阪市東成区中道2-9-20,1,,,34.67936951,135.5376186,
639,E2710001825121,指定障害福祉サービス事業所なにわの宮（就労継続支援Ｂ型ｃａｆé　ｓｈａｄｅ　ｔｒｅｅ）,大阪府大阪市東成区中道3-15-16,,,要配慮者,34.674635,135.535337,
640,E2710001828121,グループホーム　ハミングベル緑橋,大阪府大阪市東成区中本1-11-1,,,要配慮者,34.68135511,135.5437009,
641,E2710001831121,特別養護老人ホームアルカンシエル東成,大阪府大阪市東成区中本4-1-21,,,要配慮者,34.677673,135.539367,
642,E2710001832111,中本小学校,大阪府大阪市東成区中本4-2-32,1,,,34.67648526,135.5395187,
643,E2710001840111,東小橋小学校,大阪府大阪市東成区東小橋3-10-37,1,,,34.66689298,135.5331888,
644,E2710001841121,グループホーム　サボテンハウス,大阪府大阪市東成区東小橋3-6-28,,,要配慮者,34.67201,135.554866,
645,E2710001841122,グループホーム　さらんの家,大阪府大阪市東成区東小橋3-6-28,,,要配慮者,34.667728,135.533813,
646,E2710001842121,放課後等デイサービスうんどう広場　緑橋,大阪府大阪市東成区東中本1-16-11,,,要配慮者,34.680541,135.548463,
647,E2710001847111,東中本小学校,大阪府大阪市東成区東中本2-9-3,1,,,34.67912267,135.5452058,
648,E2710001848111,本庄中学校,大阪府大阪市東成区東中本3-14-2,1,,,34.67629032,135.5465084,
649,E2710001851111,井高野小学校,大阪府大阪市東淀川区井高野1-28-17,1,,,34.7623647,135.5447547,
650,E2710001861121,井高野デイサービスセンター,大阪府大阪市東淀川区井高野1-4-50,,,要配慮者,34.76268851,135.54374,
651,E2710001865111,井高野中学校,大阪府大阪市東淀川区井高野2-8-13,1,,,34.76469479,135.5483492,
652,E2710001866111,東井高野小学校,大阪府大阪市東淀川区井高野2-8-28,1,,,34.76520435,135.5491574,
653,E2710001873121,特別養護老人ホーム　井高野園,大阪府大阪市東淀川区井高野3-1-58,,,要配慮者,34.76661071,135.5439455,
654,E2710001889121,介護付有料老人ホーム　たのしい家下新庄,大阪府大阪市東淀川区下新庄4-27-31,,,要配慮者,34.74802921,135.5155412,
655,E2710001891111,下新庄小学校,大阪府大阪市東淀川区下新庄5-2-9,1,,,34.74626042,135.5213167,
656,E2710001894111,大阪府立柴島高等学校,大阪府大阪市東淀川区柴島1-7-106,1,,,34.729138,135.509902,
657,E2710001896111,柴島中学校,大阪府大阪市東淀川区柴島2-8-36,1,,,34.72765722,135.5123126,
658,E2710001901111,小松小学校,大阪府大阪市東淀川区小松3-18-15,1,,,34.75470325,135.5398675,
659,E2710001904111,関西大学北陽高等学校,大阪府大阪市東淀川区上新庄1-3-26,1,,,34.74594591,135.5294273,
660,E2710001906111,新庄小学校,大阪府大阪市東淀川区上新庄2-20-5,1,,,34.74883295,135.5323658,
661,E2710001909121,デイサービスセンター　たのしいデイずいこう,大阪府大阪市東淀川区瑞光2-8-15,,,要配慮者,34.75007581,135.5395398,
662,E2710001913111,瑞光中学校,大阪府大阪市東淀川区瑞光4-9-37,1,,,34.75226903,135.5454936,
663,E2710001917111,大隅東小学校,大阪府大阪市東淀川区瑞光5-8-19,1,,,34.75343949,135.5518021,
664,E2710001926111,菅原小学校,大阪府大阪市東淀川区菅原6-3-25,1,,,34.73918521,135.5232324,
665,E2710001928121,新東淀地域在宅サービスステーション　ビハーラこのみ園,大阪府大阪市東淀川区菅原7-15-14,,,要配慮者,34.74315699,135.5256864,
666,E2710001938111,もと西淡路小学校,大阪府大阪市東淀川区西淡路3-14-11,1,,,34.73972799,135.5097784,
667,E2710001939121,グループホーム　フォーユー淡路,大阪府大阪市東淀川区西淡路4-15-25,,,要配慮者,34.74294494,135.5069473,
668,E2710001941111,淡路中学校,大阪府大阪市東淀川区西淡路4-25-53,1,,,34.74330989,135.5097995,
669,E2710001942111,西淡路小学校,大阪府大阪市東淀川区西淡路5-5-32,1,,,34.7429725,135.5112808,
670,E2710001950111,大阪高等学校,大阪府大阪市東淀川区相川2-18-51,1,,,34.75850814,135.5351161,
671,E2710001951111,大阪成蹊学園,大阪府大阪市東淀川区相川3-10-62,,,,34.75938509,135.5371847,
672,E2710001953121,大桐地域サービスステーション　おおぎり,大阪府大阪市東淀川区大桐1-1-12,,,要配慮者,34.7438932,135.545001,
673,E2710001955121,特別養護老人ホーム　とよさと黄金の里,大阪府大阪市東淀川区大桐1-7-16,,,要配慮者,34.74515198,135.5439277,
674,E2710001959111,大阪経済大学体育館,大阪府大阪市東淀川区大桐3-16-10,,,,34.74987714,135.5446746,
675,E2710001963111,大桐小学校,大阪府大阪市東淀川区大桐4-1-15,1,,,34.74757203,135.5483471,
676,E2710001965111,大桐中学校,大阪府大阪市東淀川区大桐4-5-8,1,,,34.74894216,135.548732,
677,E2710001969121,介護付有料法人ホーム　たのしい家東淀川大隅,大阪府大阪市東淀川区大隅1-3-29,,,要配慮者,34.7484253,135.5399089,
678,E2710001971111,大隅西小学校,大阪府大阪市東淀川区大隅2-3-18,1,,,34.75108242,135.5464726,
679,E2710001973111,大道南小学校,大阪府大阪市東淀川区大道南1-23-6,1,,,34.74292943,135.5502949,
680,E2710001982121,デイサービスセンター　たのしいデイとよさと,大阪府大阪市東淀川区大道南3-2-14,,,要配慮者,34.74248065,135.5467579,
681,E2710002842121,淀川キリスト教病院老人保健施設,大阪府大阪市東淀川区淡路2-1-41,,,要配慮者,34.73539,135.51178,
682,E2710001988121,障害者支援施設　ハニカム,大阪府大阪市東淀川区淡路3-13-37,,,要配慮者,34.73832878,135.5133857,
683,E2710001988122,老人介護福祉施設　だんらん,大阪府大阪市東淀川区淡路3-13-37,,,要配慮者,34.73832848,135.5133445,
684,E2710001990121,淡路介護老人福祉施設　ビハーラ,大阪府大阪市東淀川区淡路5-11-17,,,要配慮者,34.74335411,135.5171849,
685,E2710001993121,障がい者支援施設　エフォール,大阪府大阪市東淀川区東淡路1-4-49,,,要配慮者,34.73341202,135.5197407,
686,E2710001993123,特別養護老人ホーム　ジュネス,大阪府大阪市東淀川区東淡路1-4-49,,,要配慮者,34.73345729,135.5197373,
687,E2710001993122,在宅支援サービス　ベラミ,大阪府大阪市東淀川区東淡路1-4-49,,,要配慮者,34.73349343,135.5197412,
688,E2710001998111,東淡路小学校,大阪府大阪市東淀川区東淡路3-3-32,1,,,34.73605905,135.5186243,
689,E2710002009121,さわやかディサービスセンター,大阪府大阪市東淀川区東中島2-14-1,,,要配慮者,34.72891597,135.504541,
690,E2710002840121,社会福祉法人秀生会　特別養護老人ホームザイオン新大阪,大阪府大阪市東淀川区東中島2-14-13,,,要配慮者,34.729027,135.505157,
691,E2710002021121,飛鳥ともしび苑　ディサービスセンター,大阪府大阪市東淀川区東中島3-14-24,,,要配慮者,34.73108879,135.5096269,
692,E2710002019111,大阪府立東淀川支援学校,大阪府大阪市東淀川区東中島3-5-22,1,,,34.73103871,135.5046197,
693,E2710002023111,小中一貫校むくのき学園（啓発小学校・中島中学校）,大阪府大阪市東淀川区東中島4-8-38,1,,,34.7325653,135.5072833,
694,E2710002841121,社会福祉法人ともしび福祉会　特別養護老人ホームともしび,大阪府大阪市東淀川区東中島5-19-3,,,要配慮者,34.732784,135.509644,
695,E2710002033121,介護老人福祉施設　さわやか苑,大阪府大阪市東淀川区豊新2-15-20,,,要配慮者,34.74248364,135.5274267,
696,E2710002037111,豊新小学校,大阪府大阪市東淀川区豊新4-17-26,1,,,34.74607535,135.5358091,
697,E2710002040111,新東淀中学校,大阪府大阪市東淀川区豊里1-10-32,1,,,34.73985416,135.5341142,
698,E2710002042111,大阪府立淀川清流高等学校,大阪府大阪市東淀川区豊里2-11-35,1,,,34.73988102,135.5370222,
699,E2710002046111,豊里南小学校,大阪府大阪市東淀川区豊里5-12-41,1,,,34.73942244,135.544161,
700,E2710002048111,豊里小学校,大阪府大阪市東淀川区豊里5-14-60,1,,,34.74175994,135.5440824,
701,E2710002052111,東淀中学校,大阪府大阪市東淀川区豊里6-25-19,1,,,34.74409614,135.5376187,
702,E2710002056111,大阪府立大阪北視覚支援学校,大阪府大阪市東淀川区豊里7-5-26,1,,,34.74307215,135.5425048,
703,E2710002073121,グランダ野田,大阪府大阪市福島区海老江1-5-14,,,要配慮者,34.69656914,135.4759696,
704,E2710002074111,海老江東小学校,大阪府大阪市福島区海老江1-6-19,1,,,34.69917298,135.4752533,
705,E2710002075121,福島育成園,大阪府大阪市福島区海老江1-8-8,,,要配慮者,34.69962543,135.4754927,
706,E2710002076121,ここち野田阪神,大阪府大阪市福島区海老江2-8-2,,,要配慮者,34.697436,135.4744459,
707,E2710002079121,特別養護老人ホーム　平成福島苑,大阪府大阪市福島区海老江3-20-8,,,要配慮者,34.700715,135.471677,
708,E2710002086121,福島区老人福祉センター,大阪府大阪市福島区海老江6-1-14,,,要配慮者,34.69802608,135.4715468,
709,E2710002084121,ケアホーム　こすもす,大阪府大阪市福島区海老江6-10-14,,,要配慮者,34.69969687,135.469827,
710,E2710002085121,ケアホーム　ひだまり,大阪府大阪市福島区海老江6-10-15,,,要配慮者,34.6996453,135.4697529,
711,E2710002093111,海老江西小学校,大阪府大阪市福島区海老江8-1-10,1,,,34.69748234,135.4698463,
712,E2710002102111,吉野小学校,大阪府大阪市福島区吉野3-10-5,1,,,34.69021877,135.4727408,
713,E2710002110121,社会福祉法人ゆうのゆう（デーセンターモモの家）,大阪府大阪市福島区吉野4-27-10,,,要配慮者,34.688534,135.469585,
714,E2710002112122,特別養護老人ホーム　福島ともしび苑,大阪府大阪市福島区吉野5-6-11,,,要配慮者,34.68678058,135.4670455,
715,E2710002112121,福島ともしび苑デイサービスセンター,大阪府大阪市福島区吉野5-6-11,,,要配慮者,34.68678709,135.4670019,
716,E2710002115111,野田中学校,大阪府大阪市福島区吉野5-9-4,1,,,34.68666018,135.4691179,
717,E2710002116111,下福島中学校,大阪府大阪市福島区玉川1-4-11,1,,,34.6882123,135.4823163,
718,E2710002118111,玉川小学校,大阪府大阪市福島区玉川2-13-16,1,,,34.69178487,135.4812567,
719,E2710002126111,鷺洲小学校,大阪府大阪市福島区鷺洲5-6-8,1,,,34.6988011,135.4791387,
720,E2710002128111,八阪中学校,大阪府大阪市福島区鷺洲6-1-13,1,,,34.7009395,135.4777571,
721,E2710002131121,生活介護　すずらんの園,大阪府大阪市福島区大開1-19-32,,,要配慮者,34.69460093,135.471716,
722,E2710002132111,大開小学校,大阪府大阪市福島区大開2-10-28,1,,,34.69217458,135.4709063,
723,E2710002141121,ワークはづき,大阪府大阪市福島区福島4-2-51,,,要配慮者,34.69301169,135.4826446,
724,E2710002142111,福島小学校,大阪府大阪市福島区福島4-5-6,1,,,34.69364447,135.4832904,
725,E2710002144121,阪神長楽苑,大阪府大阪市福島区福島4-6-24,,,要配慮者,34.69515878,135.4837301,
726,E2710002152111,上福島小学校,大阪府大阪市福島区福島7-4-33,1,,,34.69721998,135.4852806,
727,E2710002160111,野田小学校,大阪府大阪市福島区野田5-13-22,1,,,34.68600833,135.4734068,
728,E2710002163111,瓜破北小学校,大阪府大阪市平野区瓜破1-8-33,1,,,34.60490396,135.5512501,
729,E2710002169111,瓜破中学校,大阪府大阪市平野区瓜破2-5-31,1,,,34.60682591,135.5533276,
730,E2710002171111,瓜破小学校,大阪府大阪市平野区瓜破5-3-11,1,,,34.60245568,135.5525138,
731,E2710002175111,瓜破西小学校,大阪府大阪市平野区瓜破西2-1-43,1,,,34.60416829,135.5446675,
732,E2710002174111,瓜破西中学校,大阪府大阪市平野区瓜破西2-12-22,1,,,34.6024239,135.5454991,
733,E2710002190111,瓜破東小学校,大阪府大阪市平野区瓜破東2-5-78,1,,,34.60697958,135.56105,
734,E2710002202121,永寿特別養護老人ホーム,大阪府大阪市平野区瓜破南1-2-11,,,要配慮者,34.59592088,135.5454773,
735,E2710002203121,介護老人保健施設　永寿ケアセンター,大阪府大阪市平野区瓜破南1-2-30,,,要配慮者,34.59656623,135.5467645,
736,E2710002209111,加美小学校,大阪府大阪市平野区加美正覚寺3-13-35,1,,,34.63101711,135.5634004,
737,E2710002210111,加美中学校,大阪府大阪市平野区加美正覚寺3-13-46,1,,,34.63095451,135.5621752,
738,E2710002222111,加美東小学校,大阪府大阪市平野区加美東5-9-25,1,,,34.62719712,135.5716169,
739,E2710002225111,加美南中学校,大阪府大阪市平野区加美南1-10-15,1,,,34.62342449,135.5701594,
740,E2710002228111,加美南部小学校,大阪府大阪市平野区加美南1-9-17,1,,,34.62420952,135.5702953,
741,E2710002233121,加美北特別養護老人ホーム,大阪府大阪市平野区加美北7-1-2,,,要配慮者,34.63632729,135.5577236,
742,E2710002234111,加美北小学校,大阪府大阪市平野区加美北7-4-10,1,,,34.63648454,135.5602917,
743,E2710002242111,喜連北小学校,大阪府大阪市平野区喜連1-7-4,1,,,34.6141384,135.5500331,
744,E2710002244121,特別養護老人ホーム　喜連,大阪府大阪市平野区喜連2-2-40,,,要配慮者,34.61207358,135.5512021,
745,E2710002247111,大阪教育大学附属特別支援学校,大阪府大阪市平野区喜連4-8-71,1,,,34.61050901,135.5533664,
746,E2710002252111,喜連小学校,大阪府大阪市平野区喜連7-6-4,1,,,34.61116414,135.5558708,
747,E2710002260111,喜連西小学校,大阪府大阪市平野区喜連西3-17-61,1,,,34.61233649,135.5453638,
748,E2710002270111,喜連中学校,大阪府大阪市平野区喜連西6-2-11,1,,,34.61139521,135.5480874,
749,E2710002273111,喜連東小学校,大阪府大阪市平野区喜連東2-2-17,1,,,34.61347952,135.5619423,
750,E2710002294111,長吉出戸小学校,大阪府大阪市平野区長吉出戸3-1-43,1,,,34.61274116,135.5704074,
751,E2710002297121,長吉西地域在宅サービスステーション,大阪府大阪市平野区長吉出戸6-8-21,,,要配慮者,34.61048551,135.5714386,
752,E2710002306111,長吉東小学校,大阪府大阪市平野区長吉出戸8-8-41,1,,,34.60844426,135.5767078,
753,E2710002307111,川辺小学校,大阪府大阪市平野区長吉川辺1-4-9,1,,,34.59685117,135.5694272,
754,E2710002309111,川辺会館,大阪府大阪市平野区長吉川辺2-1-20,,,,34.59782973,135.5725645,
755,E2710002313121,永寿の里　若葉,大阪府大阪市平野区長吉川辺3-20-14,,,要配慮者,34.59388422,135.5785698,
756,E2710002313122,永寿の里　彩羽,大阪府大阪市平野区長吉川辺3-20-14,,,要配慮者,34.59388029,135.5785339,
757,E2710002313123,特別養護老人ホーム　長吉,大阪府大阪市平野区長吉川辺3-20-14,,,要配慮者,34.59391961,135.5785499,
758,E2710002315112,大阪府立平野支援学校,大阪府大阪市平野区長吉川辺3-4-115,1,,,34.59879552,135.5771741,
759,E2710002319111,長吉小学校,大阪府大阪市平野区長吉長原2-6-55,1,,,34.60587551,135.5693206,
760,E2710002324111,長吉高等学校,大阪府大阪市平野区長吉長原西3-11-33,1,,,34.59955583,135.5662641,
761,E2710002327111,長吉西中学校,大阪府大阪市平野区長吉長原西3-8-21,1,,,34.60067058,135.566282,
762,E2710002331111,長吉中学校,大阪府大阪市平野区長吉長原東1-6-15,1,,,34.60535703,135.5758032,
763,E2710002339111,長原小学校,大阪府大阪市平野区長吉長原東3-10-9,1,,,34.59958168,135.5773242,
764,E2710002839121,特別養護老人ホーム愛和,大阪府大阪市平野区長吉六反2-1-6,,,要配慮者,34.608554,135.578601,
765,E2710002347111,長吉南小学校,大阪府大阪市平野区長吉六反3-2-17,1,,,34.60464534,135.5787319,
766,E2710002354111,長吉六反中学校,大阪府大阪市平野区長吉六反4-9-61,1,,,34.60880357,135.585768,
767,E2710002355111,長吉六反小学校,大阪府大阪市平野区長吉六反5-3-41,1,,,34.60648542,135.5860861,
768,E2710002356111,平野中学校,大阪府大阪市平野区背戸口1-16-26,1,,,34.62363875,135.5422718,
769,E2710002357111,新平野西小学校,大阪府大阪市平野区背戸口1-5-22,1,,,34.62436027,135.5419785,
770,E2710002358111,平野西小学校,大阪府大阪市平野区背戸口4-1-31,1,,,34.62490436,135.5477341,
771,E2710002362111,平野北中学校,大阪府大阪市平野区平野宮町1-8-55,1,,,34.62804433,135.5533146,
772,E2710002363111,平野小学校,大阪府大阪市平野区平野宮町1-9-29,1,,,34.62712666,135.5545581,
773,E2710002366111,東住吉高等学校,大阪府大阪市平野区平野西2-3-77,1,,,34.61772829,135.5414528,
774,E2710002367111,摂陽中学校,大阪府大阪市平野区平野西3-4-7,1,,,34.62021175,135.5457531,
775,E2710002370121,特別養護老人ホーム　平野愛和,大阪府大阪市平野区平野東2-1-30,,,要配慮者,34.62340931,135.5565014,
776,E2710002372111,平野南小学校,大阪府大阪市平野区平野南2-3-8,1,,,34.61799393,135.5586299,
777,E2710002377111,大阪教育大学附属平野中学校・高等学校平野校舎,大阪府大阪市平野区流町2-1-24,1,,,34.61830015,135.5508156,
778,E2710002381112,大阪府立桜和高等学校,大阪府大阪市北区松ケ枝町1-38,1,,,34.698654,135.517975,
779,E2710002382111,天満中学校,大阪府大阪市北区神山町12-9,1,,,34.70319285,135.5069169,
780,E2710002383121,特別養護老人ホーム　北野よろこび苑,大阪府大阪市北区神山町15-12,,,要配慮者,34.70424465,135.5050227,
781,E2710002385111,菅北小学校,大阪府大阪市北区菅栄町9-5,1,,,34.70882061,135.5135787,
782,E2710002386111,大阪市立菅南幼稚園,大阪府大阪市北区菅原町11-2,1,,,34.693649,135.509933,
783,E2710002387111,西天満小学校,大阪府大阪市北区西天満3-12-21,1,,,34.69655283,135.5070625,
784,E2710002390111,大阪市扇町プール,大阪府大阪市北区扇町1-1,1,,,34.703682,135.510054,
785,E2710002391111,北区民センター,大阪府大阪市北区扇町2-1-27,,,,34.70533202,135.5104661,
786,E2710002393111,扇町小学校,大阪府大阪市北区扇町2-7-24,1,,,34.70467769,135.5064734,
787,E2710002394121,複合介護施設　平成曽根崎苑,大阪府大阪市北区曾根崎1-1-20,,,要配慮者,34.698565,135.503845,
788,E2710002866111,曽根崎コミュニティセンター,大阪府大阪市北区曽根崎2-15-1,1,,,34.700996,135.501663,
789,E2710002397111,大淀中学校,大阪府大阪市北区大淀中2-1-11,1,,,34.7037607,135.4865098,
790,E2710002398111,大淀小学校,大阪府大阪市北区大淀中4-10-33,1,,,34.70399194,135.482403,
791,E2710002402121,デイサービスセンター　淳風おおさか,大阪府大阪市北区大淀南2-5-20,1,,要配慮者,34.70080161,135.4853277,
792,E2710002402122,特別養護老人ホーム　淳風おおさか,大阪府大阪市北区大淀南2-5-20,1,,要配慮者,34.7007994,135.4853586,
793,E2710002410111,済美福祉センター、済美中崎町コミュニティホール,大阪府大阪市北区中崎西1-6-8,,,,34.7076062,135.5046075,
794,E2710002414121,大阪整肢学院,大阪府大阪市北区中津2-2-22,,,要配慮者,34.713462,135.496862,
795,E2710002416111,中津小学校,大阪府大阪市北区中津3-34-18,1,,,34.71354765,135.4940067,
796,E2710002422111,大阪ＹＭＣＡインターナショナルスクール,大阪府大阪市北区中津6-7-34,1,,,34.70854456,135.488732,
797,E2710002857111,大阪市立中之島小中一貫校,大阪府大阪市北区中之島6-1-53,1,,,34.688248,135.486771,
798,E2710002429111,豊仁小学校,大阪府大阪市北区長柄西2-6-20,1,,,34.71705597,135.5134029,
799,E2710002433111,豊崎東小学校,大阪府大阪市北区長柄中2-3-30,1,,,34.7132406,135.5159413,
800,E2710002437111,新豊崎中学校,大阪府大阪市北区長柄東2-2-30,1,,,34.71334545,135.5172558,
801,E2710002446111,滝川小学校,大阪府大阪市北区天満1-24-15,1,,,34.69610135,135.5185889,
802,E2710002449111,北稜中学校,大阪府大阪市北区天満橋1-1-58,1,,,34.69841897,135.5208641,
803,E2710002453111,堀川小学校,大阪府大阪市北区東天満2-10-7,1,,,34.69765105,135.5128948,
804,E2710002455111,堂島地域集会所、堂島・中之島老人憩いの家,大阪府大阪市北区堂島2-2-26,,,,34.69702515,135.4941826,
805,E2710002463111,豊崎小学校,大阪府大阪市北区豊崎4-5-9,1,,,34.71260038,135.5005563,
806,E2710002469111,豊崎本庄小学校,大阪府大阪市北区本庄西2-1-16,1,,,34.71276645,135.5059297,
807,E2710002470121,藤デイサービスセンター,大阪府大阪市北区本庄西2-6-15,,,要配慮者,34.71387138,135.5063471,
808,E2710002470122,特別養護老人ホーム　藤ミレニアム,大阪府大阪市北区本庄西2-6-15,,,要配慮者,34.71390393,135.5063451,
809,E2710002476111,豊崎中学校,大阪府大阪市北区本庄東3-4-8,1,,,34.71562841,135.5091039,
810,E2710002491121,特別養護老人ホーム　加寿苑,大阪府大阪市淀川区加島1-34-8,,,要配慮者,34.7252279,135.4588442,
811,E2710002492121,アンダンテ加島,大阪府大阪市淀川区加島1-36-46,,,要配慮者,34.72553188,135.458337,
812,E2710002500121,加島希望の家,大阪府大阪市淀川区加島1-49-21,,,要配慮者,34.72692114,135.4603278,
813,E2710002502111,東淀工業高等学校,大阪府大阪市淀川区加島1-52-81,1,,,34.72538768,135.4622634,
814,E2710002504111,美津島中学校,大阪府大阪市淀川区加島1-54-41,1,,,34.72785972,135.4633477,
815,E2710002507111,加島小学校,大阪府大阪市淀川区加島1-60-28,1,,,34.72870655,135.4579125,
816,E2710002508121,かしま障害者センター,大阪府大阪市淀川区加島1-60-36,,,要配慮者,34.72836904,135.458979,
817,E2710002522111,東淀川高等学校,大阪府大阪市淀川区宮原4-4-5,1,,,34.73582136,135.4974898,
818,E2710002523111,北中島小学校,大阪府大阪市淀川区宮原5-3-4,1,,,34.73947899,135.4962587,
819,E2710002528111,宮原小学校,大阪府大阪市淀川区三国本町1-16-44,1,,,34.73298213,135.4859963,
820,E2710002811121,社会福祉法人妙光会　特別養護老人ホーム　コモンズ三国,大阪府大阪市淀川区三国本町2-14-23,,,要配慮者,34.735496,135.486204,
821,E2710002535111,三国小学校,大阪府大阪市淀川区三国本町3-9-18,1,,,34.73846044,135.4882241,
822,E2710002536111,三津屋小学校,大阪府大阪市淀川区三津屋中1-4-14,1,,,34.72805667,135.472686,
823,E2710002544111,神津小学校,大阪府大阪市淀川区十三元今里2-3-12,1,,,34.72036282,135.4764469,
824,E2710002545121,特別養護老人ホーム　博愛の園,大阪府大阪市淀川区十三元今里3-1-88,,,要配慮者,34.7228706,135.4762409,
825,E2710002551111,十三小学校,大阪府大阪市淀川区十三東4-3-6,1,,,34.72358753,135.4854609,
826,E2710002552111,十三中学校,大阪府大阪市淀川区十三東5-1-27,1,,,34.72483531,135.484436,
827,E2710002553111,英真学園高等学校,大阪府大阪市淀川区十三東5-4-38,1,,,34.7235665,135.4835037,
828,E2710002562111,新高小学校,大阪府大阪市淀川区新高1-15-53,1,,,34.73282584,135.4801049,
829,E2710002563121,医療法人　けあき会　淀川老人保健施設　けあきのもり,大阪府大阪市淀川区新高1-7-20,,,要配慮者,34.732407,135.481014,
830,E2710002567121,社会福祉法人平成福祉会特別養護老人ホーム平成新高苑,大阪府大阪市淀川区新高4-15-25,,,要配慮者,34.735432,135.479275,
831,E2710002568121,社会福祉法人平成福祉会障害者福祉サービス事業所　にいたかの里,大阪府大阪市淀川区新高4-15-28,,,要配慮者,34.735174,135.479207,
832,E2710002574111,新北野中学校,大阪府大阪市淀川区新北野2-13-37,1,,,34.71560843,135.4756784,
833,E2710002575111,北野高等学校,大阪府大阪市淀川区新北野2-5-13,1,,,34.71618234,135.4786139,
834,E2710002863111,大阪市立淀川スポーツセンター,大阪府大阪市淀川区西宮原2-1-3,,,,34.734261,135.494064,
835,E2710002590111,宮原中学校,大阪府大阪市淀川区西宮原3-3-2,1,,,34.73776468,135.4926467,
836,E2710002591111,西三国小学校,大阪府大阪市淀川区西三国1-21-28,1,,,34.74466537,135.491839,
837,E2710002597111,三国中学校,大阪府大阪市淀川区西三国2-5-24,1,,,34.74079088,135.4879482,
838,E2710002618121,就労移行支援事業所ＣＯＮＮＥＣＴ　新大阪事業所,大阪府大阪市淀川区西中島5-6-9,,,要配慮者,34.729624,135.499907,
839,E2710002625111,西中島小学校,大阪府大阪市淀川区西中島7-14-25,1,,,34.73008478,135.4944067,
840,E2710002631111,塚本小学校,大阪府大阪市淀川区塚本3-5-6,1,,,34.71563701,135.4727672,
841,E2710002636111,田川小学校,大阪府大阪市淀川区田川2-9-37,1,,,34.72136451,135.4700641,
842,E2710002646111,新東三国小学校,大阪府大阪市淀川区東三国3-9-10,1,,,34.74522412,135.4999982,
843,E2710002649111,東三国小学校,大阪府大阪市淀川区東三国6-3-24,1,,,34.74469143,135.4951602,
844,E2710002650111,東三国中学校,大阪府大阪市淀川区東三国6-3-68,1,,,34.74442866,135.4968602,
845,E2710002659121,社会福祉法人関西中央福祉会　障がい者支援施設　だんけのそのポレポレクラブ,大阪府大阪市淀川区木川西4-5-40,,,要配慮者,34.727677,135.487033,
846,E2710002659122,社会福祉法人関西中央福祉会　特別養護老人ホーム　淀川暖気の苑,大阪府大阪市淀川区木川西4-5-40,,,要配慮者,34.727707,135.48719,
847,E2710002663111,木川南小学校,大阪府大阪市淀川区木川東1-2-36,1,,,34.72281604,135.494643,
848,E2710002666121,社会福祉法人博光福祉会介護老人福祉施設　寿里苑ラピス,大阪府大阪市淀川区木川東2-19-15,,,要配慮者,34.724337,135.490449,
849,E2710002668111,木川小学校,大阪府大阪市淀川区木川東3-7-32,1,,,34.72647106,135.4926675,
850,E2710002674121,社会福祉法人愛孝福祉会特別養護老人ホーム　愛孝野中苑,大阪府大阪市淀川区野中南2-8-27,,,要配慮者,34.725969,135.481588,
851,E2710002675111,野中小学校,大阪府大阪市淀川区野中北1-11-26,1,,,34.72800805,135.4808251,
852,E2710002838121,なでしこ公園保育園,大阪府大阪市浪速区塩草1-1-19,,,要配慮者,34.661301,135.493591,
853,E2710002687111,難波中学校,大阪府大阪市浪速区塩草1-1-59,1,,,34.66244321,135.4916038,
854,E2710002688111,塩草立葉小学校,大阪府大阪市浪速区塩草1-4-31,1,,,34.66126263,135.4904566,
855,E2710002693121,浪速区老人福祉センター,大阪府大阪市浪速区下寺2-2-12,,,要配慮者,34.65986978,135.509859,
856,E2710002858111,エール学園ＩＣＴ校,大阪府大阪市浪速区恵美須西3-13-14,,,,34.651737,135.50148,
857,E2710002700111,ＹＯＬＯ　ＢＡＳＥ,大阪府大阪市浪速区恵美須西3-13-24,,,,34.652315,135.501551,
858,E2710002702121,日本橋地域在宅サービスステーション,大阪府大阪市浪速区恵美須東2-1-4,,,要配慮者,34.65178838,135.5072288,
859,E2710002706111,難波元町小学校,大阪府大阪市浪速区元町1-5-30,1,,,34.66485214,135.4968306,
860,E2710002719111,木津中学校,大阪府大阪市浪速区戎本町1-3-46,1,,,34.65382286,135.5000313,
861,E2710002723111,今宮高等学校,大阪府大阪市浪速区戎本町2-7-39,1,,,34.65203544,135.4989647,
862,E2710002724111,大国小学校,大阪府大阪市浪速区大国1-9-3,1,,,34.65355453,135.4969879,
863,E2710002734121,浪速区在宅サービスセンター,大阪府大阪市浪速区難波中3-8-8,,,要配慮者,34.6612907,135.4994436,
864,E2710002746111,日本橋小中一貫校,大阪府大阪市浪速区日本橋西1-7-6,1,,,34.65856385,135.5040035,
865,E2710002749111,心和中学校,大阪府大阪市浪速区日本橋東3-1-23,1,,,34.65818794,135.508521,
866,E2710002758111,学校法人大阪中華學校,大阪府大阪市浪速区敷津東1-8-13,1,,,34.658124,135.498617,
867,E2710002762111,敷津小学校,大阪府大阪市浪速区敷津東3-9-32,1,,,34.65600535,135.4991023,
868,E2710002767111,大阪府立難波支援学校大阪府立なにわ高等支援学校,大阪府大阪市浪速区木津川2-3-30,1,,,34.65882791,135.4836625,
869,E2710002769111,もと立葉小学校,大阪府大阪市浪速区立葉2-1-15,1,,,34.66481796,135.485628,
870,E2710002778121,スワンなにわデイサービスセンター,大阪府大阪市浪速区浪速西2-11-6,,,要配慮者,34.65692553,135.4860739,
871,E2710002790111,栄小学校,大阪府大阪市浪速区浪速東1-1-61,,,,34.65817441,135.4906794,
872,E2710002816121,デイケアセンター　夢の希,大阪府大阪市浪速区浪速東1-8-14,,,要配慮者,34.65811086,135.4892069,
