NO,共通ID,施設・場所名,住所,洪水,崖崩れ、土石流及び地滑り,高潮,地震,津波,大規模な火事,内水氾濫,火山現象,指定避難所との住所同一,緯度,経度,備考
1,E2720300001201,熊野田公園,大阪府豊中市旭丘60-3,,,,1,,1,,,,34.785301730714,135.47957836364,
2,E2720300002201,さくら広場,大阪府豊中市稲津町1-11,,,,1,,,,,,34.753679973491,135.47562289166,
3,E2720300004201,谷田公園,大阪府豊中市岡町南1-142,,,,1,,,,,,34.77637927,135.46413766,
4,E2720300005201,ともだちこども園,大阪府豊中市岡町北3-13-7,1,,1,,,,,,1,34.781816,135.460479,
5,E2720300006201,轟木公園,大阪府豊中市岡町北3-39,,,,1,,1,,,,34.78108427,135.46039619,
6,E2720300007201,克明小学校体育館及び校舎の一部,大阪府豊中市岡町北3-4-1,1,,1,,,,,,1,34.781195,135.46338,
7,E2720300007202,克明小学校グラウンド,大阪府豊中市岡町北3-4-1,,,,1,,,,,1,34.781606587239,135.4632392502,
8,E2720300008201,岡町図書館,大阪府豊中市岡町北3-4-2,1,,1,,,,,,1,34.780356,135.463509,
9,E2720300010202,第二中学校グラウンド,大阪府豊中市宮山町2-1-1,,,,1,,,,,1,34.805440786105,135.46142547008,
10,E2720300010201,第二中学校体育館及び校舎の一部,大阪府豊中市宮山町2-1-1,1,,1,,,,,,1,34.806115,135.461419,
11,E2720300011201,赤坂上池公園,大阪府豊中市宮山町3-80-1,,,,1,,1,,,,34.80786947727,135.45950199815,
12,E2720300013201,玉井町西公園,大阪府豊中市玉井町3-103-1,,,,1,,,,,,34.786240370927,135.45395530054,
13,E2720300014201,久保公園,大阪府豊中市玉井町3-146-1,,,,1,,,,,,34.78773082,135.45403329,
14,E2720300015201,熊野東公園,大阪府豊中市熊野町2-93-2,,,,1,,,,,,34.789182805319,135.4838001651,
15,E2720300016201,八坂公園,大阪府豊中市熊野町3-30,,,,1,,,,,,34.790467868376,135.48352587784,
16,E2720300017201,第十五中学校体育館及び校舎の一部,大阪府豊中市熊野町3-8-1,1,,1,,,,,,,34.791307103787,135.48559553425,
17,E2720300017202,第十五中学校グラウンド,大阪府豊中市熊野町3-8-1,,,,1,,,,,,34.790988050459,135.48563517791,
18,E2720300018201,熊野北公園,大阪府豊中市熊野町4-198,,,,1,,,,,,34.789639623322,135.4791233639,
19,E2720300021201,第三中学校体育館及び校舎の一部,大阪府豊中市栗ケ丘町1-1,1,1,1,,,,,,,34.78570044067,135.47402566798,
20,E2720300021202,第三中学校グラウンド,大阪府豊中市栗ケ丘町1-1,,,,1,,1,,,,34.785158531447,135.47386473544,
21,E2720300022201,蛍池こども園,大阪府豊中市蛍池西町1-18-5,1,,1,,,,,,1,34.793838,135.445696,
22,E2720300023201,蛍池センター,大阪府豊中市蛍池中町1-1-1,1,1,1,,,,,,1,34.791344,135.450547,
23,E2720300024201,蛍池小学校体育館及び校舎の一部,大阪府豊中市蛍池中町1-15-1,1,,1,,,,,,1,34.790285,135.448327,
24,E2720300024202,蛍池小学校グラウンド,大阪府豊中市蛍池中町1-15-1,,,,1,,,,,1,34.789916335659,135.44836287821,
25,E2720300025201,麻田公園,大阪府豊中市蛍池中町1-91,,,,1,,,,,,34.79124542,135.44916493,
26,E2720300026201,蛍ヶ池公園,大阪府豊中市蛍池中町4-67-5,,,,1,,,,,,34.79631615,135.44775608,
27,E2720300027201,第十八中学校体育館及び校舎の一部,大阪府豊中市蛍池中町4-7-1,1,,1,,,,,,1,34.795368,135.447086,
28,E2720300027202,第十八中学校グラウンド,大阪府豊中市蛍池中町4-7-1,,,,1,,,,,1,34.79525,135.447113,
29,E2720300028201,人権平和センター蛍池,大阪府豊中市蛍池北町2-3-1,1,,1,,,,,,1,34.797709,135.444722,
30,E2720300029201,蛍池北青少年運動広場,大阪府豊中市蛍池北町3-3,,,,1,,,,,,34.796027434567,135.44329696366,
31,E2720300030202,原田小学校グラウンド,大阪府豊中市原田元町1-17-1,,,,1,,,,,1,34.773515247701,135.46103127888,
32,E2720300030201,原田小学校体育館及び校舎の一部,大阪府豊中市原田元町1-17-1,1,,1,,,,,,1,34.774012,135.461109,
33,E2720300031201,原田公園,大阪府豊中市原田元町1-37,,,,1,,,,,,34.774710411696,135.4586310551,
34,E2720300032201,原田こども園,大阪府豊中市原田元町2-22-1,1,,1,,,,,,1,34.77177,135.459706,
35,E2720300035201,野畑南公園,大阪府豊中市向丘2-1-1,,,,1,,1,,,,34.808135216343,135.4703494263,
36,E2720300036202,野畑小学校グラウンド,大阪府豊中市向丘3-1-1,,,,1,,,,,1,34.812150046495,135.47245054751,
37,E2720300036201,野畑小学校体育館及び校舎の一部,大阪府豊中市向丘3-1-1,1,,1,,,,,,1,34.81236,135.473419,
38,E2720300038201,桜の町公園,大阪府豊中市桜の町2-38-17,,,,1,,,,,,34.799097626301,135.46485013708,
39,E2720300040201,内田公園,大阪府豊中市桜の町4-94-1,,,,1,,,,,,34.801933289831,135.46633820293,
40,E2720300041202,桜井谷東小学校グラウンド,大阪府豊中市桜の町7-5-1,,,,1,,,,,1,34.805199,135.46953,
41,E2720300041201,桜井谷東小学校体育館及び校舎の一部,大阪府豊中市桜の町7-5-1,1,,1,,,,,,1,34.805389,135.469023,
42,E2720300280201,ＳＯＭＰＯケアそんぽの家Ｓ庄内,大阪府豊中市三和町1-2-23,1,,1,,,,,,,34.743217,135.47374,
43,E2720300044201,菰江公園,大阪府豊中市三和町3-138-2,,,,1,,1,,,,34.74114509,135.47399854,
44,E2720300046201,山ノ上公園,大阪府豊中市山ノ上町21,,,,1,,,,,,34.78137333,135.45547871,
45,E2720300047201,てらうちこども園,大阪府豊中市寺内1-12-1,1,,1,,,,,,1,34.772034,135.492231,
46,E2720300048201,寺内小学校体育館及び校舎の一部,大阪府豊中市寺内2-15-1,1,,1,,,,,,1,34.771711,135.494129,
47,E2720300048202,寺内小学校グラウンド,大阪府豊中市寺内2-15-1,,,,1,,,,,1,34.771438771047,135.49338314622,
48,E2720300049201,第十三中学校体育館及び校舎の一部,大阪府豊中市柴原町2-14-1,1,,1,,,,,,1,34.798125,135.459853,
49,E2720300049202,第十三中学校グラウンド,大阪府豊中市柴原町2-14-1,,,,1,,,,,1,34.798909714205,135.45991144777,
50,E2720300050201,柴原南公園,大阪府豊中市柴原町2-85-1,,,,1,,,,,,34.798420677357,135.46046004097,
51,E2720300051202,桜井谷小学校グラウンド,大阪府豊中市柴原町3-11-1,,,,1,,,,,1,34.803325034004,135.46293894762,
52,E2720300051201,桜井谷小学校体育館及び校舎の一部,大阪府豊中市柴原町3-11-1,1,,1,,,,,,1,34.803775,135.462925,
53,E2720300052201,桜井谷こども園,大阪府豊中市柴原町3-11-35,1,,1,,,,,,1,34.804548,135.462495,
54,E2720300053201,柴原体育館,大阪府豊中市柴原町4-4-18,1,,1,,,,,,1,34.800401,135.45956,
55,E2720300055201,見徳山公園,大阪府豊中市柴原町5-7-1,,,,1,,,,,,34.801827035764,135.46094099654,
56,E2720300056201,野畑公園,大阪府豊中市春日町2-65,,,,1,,,,,,34.809086398152,135.46672488958,
57,E2720300057201,野畑図書館,大阪府豊中市春日町4-11-1,1,,1,,,,,,1,34.811501,135.4701,
58,E2720300058201,春日北公園,大阪府豊中市春日町5-1906,,,,1,,,,,,34.815057286956,135.47258947931,
59,E2720300059201,勝部センター,大阪府豊中市勝部1-5-8,1,,1,,,,,,1,34.774758,135.45578,
60,E2720300060201,勝部広場,大阪府豊中市勝部2-8,,,,1,,,,,,34.773776218759,135.45471414594,
61,E2720300061201,勝部３丁目児童遊園,大阪府豊中市勝部3-1816,,,,1,,,,,,34.778556665996,135.45453282853,
62,E2720300062201,小曽根南公園,大阪府豊中市小曾根5-41,,,,1,,,,,,34.75479145,135.48630717,
63,E2720300063201,小曽根公園,大阪府豊中市小曽根1-1647,,,,1,,,,,,34.760144301817,135.48565246216,
64,E2720300065202,小曽根小学校グラウンド,大阪府豊中市小曽根1-2-1,,,,1,,,,,1,34.763393593301,135.48427132959,
65,E2720300065201,小曽根小学校体育館及び校舎の一部,大阪府豊中市小曽根1-2-1,1,,1,,,,,,1,34.763734,135.484548,
66,E2720300067201,羽鷹池公園,大阪府豊中市少路1-2100,,,,1,,1,,,,34.804876022052,135.47364332918,
67,E2720300068201,少路１丁目公園,大阪府豊中市少路1-2105,,,,1,,,,,,34.804997151958,135.47420551979,
68,E2720300069202,旧島田小学校グラウンド,大阪府豊中市庄内栄町2-20-1,,,,1,,,,,1,34.748727262859,135.46485544588,
69,E2720300069201,旧島田小学校体育館及び校舎の一部,大阪府豊中市庄内栄町2-20-1,1,,1,,,,,,1,34.749153,135.465073,
70,E2720300071201,庄内公園,大阪府豊中市庄内栄町4-30,,,,1,,,,,,34.74550313,135.46751862,
71,E2720300074201,島田公園,大阪府豊中市庄内幸町1-173,,,,1,,,,,,34.753678613311,135.46864906214,
72,E2720300076201,庄内北公園,大阪府豊中市庄内幸町1-71-3,,,,1,,,,,,34.752642900557,135.47012675024,
73,E2720300077201,庄内幸町ひろば,大阪府豊中市庄内幸町3-77-1,,,,1,,,,,,34.748574740227,135.47000054814,
74,E2720300272202,庄内さくら学園体育館及び校舎の一部,大阪府豊中市庄内幸町4-29-2,1,,1,,,,,,1,34.746504,135.470014,
75,E2720300272201,庄内さくら学園グランド,大阪府豊中市庄内幸町4-29-2,,,,1,,1,,,1,34.746341,135.469547,
76,E2720300080201,西町公園,大阪府豊中市庄内西町4-55,,,,1,,,,,,34.745904434372,135.47352744535,
77,E2720300274201,イオンタウン豊中庄内,大阪府豊中市庄内西町5-1-22,1,,1,,,,,,,34.744264,135.47559,
78,E2720300082201,庄内東公園,大阪府豊中市庄内東町6-78,,,,1,,,,,,34.7450348912,135.47786109185,
79,E2720300087201,庄本公園,大阪府豊中市庄本町3-128-1,,,,1,,,,,,34.74032184,135.46042233,
80,E2720300278201,ＳＯＭＰＯケアそんぽの家豊中庄本町,大阪府豊中市庄本町3-9-20,1,,1,,,,,,,34.739845,135.46149,
81,E2720300088202,庄内西小学校グラウンド,大阪府豊中市庄本町4-1-10,,,,1,,,,,1,34.738703981462,135.46162163375,
82,E2720300088201,庄内西小学校体育館及び校舎の一部,大阪府豊中市庄本町4-1-10,1,,1,,,,,,1,34.739024,135.461539,
83,E2720300089201,上新田１丁目公園,大阪府豊中市上新田1-1-13,,,,1,,,,,,34.802621032417,135.49463136827,
84,E2720300090201,オタビ池公園,大阪府豊中市上新田1-16,,,,1,,,,,,34.800867884444,135.49524291192,
85,E2720300091201,新田小学校体育館及び校舎の一部,大阪府豊中市上新田2-19-1,1,1,1,,,,,,1,34.804788,135.49882,
86,E2720300091202,新田小学校グラウンド,大阪府豊中市上新田2-19-1,,,,1,,,,,1,34.804658128534,135.49933393717,
87,E2720300092201,しんでんこども園,大阪府豊中市上新田3-7-1,1,,1,,,,,,1,34.798637,135.496875,
88,E2720300093201,新田南公園,大阪府豊中市上新田4-2035-1,,,,1,,,,,,34.80002132,135.50093029,
89,E2720300094202,新田南小学校グラウンド,大阪府豊中市上新田4-9-1,,,,1,,,,,1,34.800956272583,135.500639863,
90,E2720300094201,新田南小学校体育館及び校舎の一部,大阪府豊中市上新田4-9-1,1,,1,,,,,,1,34.800959,135.501611,
91,E2720300096201,キコーナ上津島店の一部,大阪府豊中市上津島3-11-25,1,,1,,,,,,,34.75835,135.461288,
92,E2720300097201,豊島西小学校体育館及び校舎の一部,大阪府豊中市上津島3-4-1,1,,1,,,,,,1,34.75947,135.458376,
93,E2720300097202,豊島西小学校グラウンド,大阪府豊中市上津島3-4-1,,,,1,,,,,1,34.759084151071,135.45855598058,
94,E2720300098201,上野坂公園,大阪府豊中市上野坂2-1028,,,,1,,,,,,34.802900418029,135.47422157116,
95,E2720300100201,豊中高等学校グラウンド,大阪府豊中市上野西2-5-12,,,,1,,1,,,1,34.79491505414,135.47057382781,
96,E2720300282201,兎川公園,大阪府豊中市上野東1-20,,,,1,,,,,,34.790634,135.476854,
97,E2720300101201,堀田公園,大阪府豊中市上野東2-171,,,,1,,,,,,34.793596150601,135.47293573436,
98,E2720300102202,上野小学校グラウンド,大阪府豊中市上野東2-8-8,,,,1,,,,,1,34.795172459751,135.47561797998,
99,E2720300102201,上野小学校体育館及び校舎の一部,大阪府豊中市上野東2-8-8,1,,1,,,,,,1,34.795523,135.475887,
100,E2720300103201,緑地小学校体育館及び校舎の一部,大阪府豊中市城山町4-1-1,1,1,1,,,,,,1,34.7725,135.479729,
101,E2720300103202,緑地小学校グラウンド,大阪府豊中市城山町4-1-1,,,,1,,,,,1,34.772048636336,135.47956565297,
102,E2720300104201,西丘こども園,大阪府豊中市新千里西町2-2-1,1,,1,,,,,,1,34.808737,135.48957,
103,E2720300105201,西丘小学校体育館及び校舎の一部,大阪府豊中市新千里西町2-23-1,1,,1,,,,,,1,34.811059,135.489512,
104,E2720300105202,西丘小学校グラウンド,大阪府豊中市新千里西町2-23-1,,,,1,,,,,1,34.81048346,135.48930578,
105,E2720300106201,千里西町公園,大阪府豊中市新千里西町2-4-88,,,,1,,1,,,,34.809819839844,135.48821503446,
106,E2720300108201,からたち公園,大阪府豊中市新千里西町3-5-118,,,,1,,,,,,34.812953433939,135.49014875834,
107,E2720300109201,千里文化センター,大阪府豊中市新千里東町1-2-2,1,,1,,,,,,1,34.81059,135.494525,
108,E2720300110201,千里東町公園,大阪府豊中市新千里東町2-3,,,,1,,1,,,,34.81011262665,135.49894356489,
109,E2720300111201,東丘こども園,大阪府豊中市新千里東町2-6-1,1,,1,,,,,,1,34.810385,135.501845,
110,E2720300112201,東丘小学校体育館及び校舎の一部,大阪府豊中市新千里東町3-1-1,1,,1,,,,,,1,34.811878,135.501759,
111,E2720300112202,東丘小学校グラウンド,大阪府豊中市新千里東町3-1-1,,,,1,,,,,1,34.811307268434,135.50179182073,
112,E2720300113201,第八中学校体育館及び校舎の一部,大阪府豊中市新千里東町3-2-1,1,,1,,,,,,1,34.813181,135.501773,
113,E2720300113202,第八中学校グラウンド,大阪府豊中市新千里東町3-2-1,,,,1,,1,,,1,34.814254708375,135.50147419268,
114,E2720300114201,もくせい公園,大阪府豊中市新千里東町3-4-1,,,,1,,,,,,34.813850009487,135.50268704701,
115,E2720300115201,千里体育館,大阪府豊中市新千里東町3-8-1,1,,1,,,,,,1,34.807804,135.504108,
116,E2720300116201,千里中央公園,大阪府豊中市新千里東町3-9,,,,1,,1,,,,34.810551556918,135.50514414539,
117,E2720300117201,千里南町公園,大阪府豊中市新千里南町1-3-1,,,,1,,1,,,,34.803062725843,135.49069049746,
118,E2720300118202,第九中学校グラウンド,大阪府豊中市新千里南町1-4-1,,,,1,,,,,1,34.805455632744,135.4894934601,
119,E2720300118201,第九中学校体育館及び校舎の一部,大阪府豊中市新千里南町1-4-1,1,1,1,,,,,,1,34.804825758797,135.49019619886,
120,E2720300119201,千里青雲高等学校グラウンド,大阪府豊中市新千里南町1-5-1,,,,1,,1,,,1,34.805057514891,135.48709400091,
121,E2720300120201,南丘小学校体育館及び校舎の一部,大阪府豊中市新千里南町2-13-1,1,,1,,,,,,1,34.800084,135.490852,
122,E2720300120202,南丘小学校グラウンド,大阪府豊中市新千里南町2-13-1,,,,1,,1,,,1,34.799370828621,135.491047577,
123,E2720300121201,つばき公園,大阪府豊中市新千里南町3-5,,,,1,,,,,,34.794015200884,135.49510088093,
124,E2720300123201,千里北町公園,大阪府豊中市新千里北町1-16-48,,,,1,,1,,,,34.816365554682,135.49605164487,
125,E2720300125201,つつじ公園,大阪府豊中市新千里北町2-18-13,,,,1,,,,,,34.820357555106,135.49720547605,
126,E2720300126202,北丘小学校グラウンド,大阪府豊中市新千里北町2-19-1,,,,1,,,,,1,34.819791,135.496532,
127,E2720300126201,北丘小学校体育館及び校舎の一部,大阪府豊中市新千里北町2-19-1,1,,1,,,,,,1,34.819234,135.496219,
128,E2720300127201,樫の木公園,大阪府豊中市新千里北町3-19-1,,,,1,,1,,,,34.816560511288,135.50109755444,
129,E2720300128201,ひらど公園,大阪府豊中市新千里北町3-4-3,,,,1,,,,,,34.81550646,135.4985076,
130,E2720300129201,アルゴセブンの一部,大阪府豊中市神州町1-15,1,,1,,,,,,,34.738579,135.479471,
131,E2720300130202,泉丘小学校グラウンド,大阪府豊中市西泉丘1-10-1,,,,1,,,,,1,34.784703974719,135.48355605102,
132,E2720300130201,泉丘小学校体育館及び校舎の一部,大阪府豊中市西泉丘1-10-1,1,1,1,,,,,,1,34.784932,135.484425,
133,E2720300131201,旭丘こども園,大阪府豊中市西泉丘1-9-1,1,,1,,,,,,1,34.78538,135.483012,
134,E2720300132202,第十七中学校グラウンド,大阪府豊中市西泉丘2-2432-2,,,,1,,,,,1,34.783285293376,135.48661913372,
135,E2720300132201,第十七中学校体育館及び校舎の一部,大阪府豊中市西泉丘2-2432-2,1,,1,,,,,,1,34.782771,135.486609,
136,E2720300133202,少路小学校グラウンド,大阪府豊中市西緑丘2-10-1,,,,1,,,,,1,34.809735293441,135.47821626673,
137,E2720300133201,少路小学校体育館及び校舎の一部,大阪府豊中市西緑丘2-10-1,1,,1,,,,,,1,34.810145,135.478628,
138,E2720300134201,第十一中学校体育館及び校舎の一部,大阪府豊中市西緑丘2-11-1,1,,1,,,,,,1,34.809595,135.47971,
139,E2720300134202,第十一中学校グラウンド,大阪府豊中市西緑丘2-11-1,,,,1,,1,,,1,34.809149732281,135.47915488605,
140,E2720300135201,西緑丘新池公園,大阪府豊中市西緑丘3-394-11,,,,1,,,,,,34.8125411,135.47734715,
141,E2720300136202,熊野田小学校グラウンド,大阪府豊中市赤坂1-5-1,,,,1,,,,,,34.787377038113,135.47618210185,
142,E2720300136201,熊野田小学校体育館及び校舎の一部,大阪府豊中市赤坂1-5-1,1,,1,,,,,,,34.787119278123,135.47706991517,
143,E2720300139204,庄内よつば学園体育館・校舎の一部,大阪府豊中市千成町2-2-65,1,,1,,,,,,1,34.737905,135.473506,
144,E2720300139203,庄内よつば学園グラウンド,大阪府豊中市千成町2-2-65,,,,1,,1,,,1,34.737905,135.473506,
145,E2720300140201,千成センター,大阪府豊中市千成町2-4-28,,,,,1,,,,1,34.736565,135.471523,
146,E2720300141202,第一中学校グラウンド,大阪府豊中市曽根西町1-6-1,,,,1,,,,,1,34.769816132885,135.46691899496,
147,E2720300141201,第一中学校体育館及び校舎の一部,大阪府豊中市曽根西町1-6-1,1,,1,,,,,,1,34.770018,135.466335,
148,E2720300142201,曽根西センター,大阪府豊中市曽根西町4-5-1,1,1,1,,,,,,1,34.77387,135.464371,
149,E2720300143201,アクア文化ホール,大阪府豊中市曽根東町3-7-1,1,,1,,,,,,1,34.770295,135.470057,
150,E2720300144201,中央公民館,大阪府豊中市曽根東町3-7-3,1,,1,,,,,,1,34.770548,135.469645,
151,E2720300145201,曽根東センター,大阪府豊中市曽根東町5-13-12,1,,1,,,,,,1,34.768839,135.472132,
152,E2720300146202,中豊島小学校グラウンド,大阪府豊中市曽根東町6-13-1,,,,1,,,,,1,34.767710588116,135.47359950035,
153,E2720300146201,中豊島小学校体育館及び校舎の一部,大阪府豊中市曽根東町6-13-1,1,,1,,,,,,1,34.768093,135.473808,
154,E2720300147201,豊島公園,大阪府豊中市曽根南町1-6,,,,1,,1,,,,34.76681637,135.46963715,
155,E2720300148201,豊島北小学校体育館及び校舎の一部,大阪府豊中市曽根南町2-19-1,1,,1,,,,,,1,34.766569,135.465934,
156,E2720300148202,豊島北小学校グラウンド,大阪府豊中市曽根南町2-19-1,,,,1,,,,,1,34.766144000863,135.46593650911,
157,E2720300151201,走井センター,大阪府豊中市走井1-21-9,1,,1,,,,,,1,34.779818,135.454864,
158,E2720300152201,キコーナ豊中南店の一部,大阪府豊中市走井2-11-7,1,,1,,,,,,,34.781818,135.448272,
159,E2720300153201,走井２丁目空港ひろば,大阪府豊中市走井2-156-2,,,,1,,,,,,34.7798023227,135.44900476696,
160,E2720300156202,庄内南小学校グラウンド,大阪府豊中市大黒町1-2-15,,,,1,,,,,1,34.741467910494,135.47174865264,
161,E2720300156201,庄内南小学校体育館及び校舎の一部,大阪府豊中市大黒町1-2-15,1,,1,,,,,,1,34.741814,135.471564,
162,E2720300285201,大黒住宅（１棟）,大阪府豊中市大黒町2-19-1,1,,1,,,,,,,34.740092,135.472588,
163,E2720300286201,大黒住宅（２棟）,大阪府豊中市大黒町2-20-2,1,,1,,,,,,,34.73992,135.472381,
164,E2720300157201,大黒町公園,大阪府豊中市大黒町2-217-1,,,,1,,,,,,34.740297637751,135.47167168686,
165,E2720300160201,大黒町南公園,大阪府豊中市大黒町3-76-3,,,,1,,,,,,34.73892983,135.46850864,
166,E2720300161201,大島センター,大阪府豊中市大島町2-19-12,,,,,1,,,,1,34.736195,135.467207,
167,E2720300162201,神崎川日光ハイツ,大阪府豊中市大島町3-11-20,1,,1,,1,,,,,34.73095689251,135.46843558367,
168,E2720300163201,神崎川公園,大阪府豊中市大島町3-19-7,,,,1,,1,,,,34.73339164,135.4643692,
169,E2720300165201,地域共生センター,大阪府豊中市中桜塚2-28-8,1,,1,,,,,,1,34.778958,135.467928,
170,E2720300167201,桜塚公園,大阪府豊中市中桜塚2-42-1,,,,1,,,,,,34.779432384186,135.46818142381,
171,E2720300169201,桜塚高等学校グラウンド,大阪府豊中市中桜塚4-1-1,,,,1,,,,,1,34.783132922058,135.47170083453,
172,E2720300170201,大塚公園,大阪府豊中市中桜塚4-95,1,,,1,,1,,,,34.779364105904,135.47252227625,
173,E2720300171201,下原公園,大阪府豊中市中桜塚5-164,,,,1,,,,,,34.780762825931,135.47557930116,
174,E2720300172201,長興寺公園,大阪府豊中市長興寺南1-51,,,,1,,,,,,34.77367809,135.47365563,
175,E2720300173201,長興寺南公園,大阪府豊中市長興寺南4-30,,,,1,,,,,,34.774338106979,135.47777845356,
176,E2720300174201,住吉公園,大阪府豊中市長興寺北2-380,,,,1,,,,,,34.778469228251,135.4776383929,
177,E2720300176202,刀根山小学校グラウンド,大阪府豊中市刀根山5-2-1,,,,1,,,,,1,34.796024002761,135.45168670702,
178,E2720300176201,刀根山小学校体育館及び校舎の一部,大阪府豊中市刀根山5-2-1,1,,1,,,,,,1,34.796750285301,135.45171930867,
179,E2720300177201,とねやまこども園,大阪府豊中市刀根山6-1-15,1,,1,,,,,,1,34.797416,135.452391,
180,E2720300178201,刀根山高等学校グラウンド,大阪府豊中市刀根山6-9-1,,,,1,,,,,1,34.798455445801,135.45263911068,
181,E2720300179201,山ヶ池公園,大阪府豊中市刀根山6-97-2,,,,1,,,,,,34.79768263,135.45206918,
182,E2720300180201,刀根山公園,大阪府豊中市刀根山元町202,,,,1,,,,,,34.79773768,135.45701087,
183,E2720300284201,島江西住宅,大阪府豊中市島江町1-2-8,1,,1,,,,,,,34.741848,135.468318,
184,E2720300182201,島江北公園,大阪府豊中市島江町1-61-3,,,,1,,,,,,34.741143861817,135.46760736373,
185,E2720300183201,寺内配水場北側（配水場外）,大阪府豊中市東寺内町15,,,,1,,,,,,34.776430666144,135.49732189331,
186,E2720300184201,寺内北公園,大阪府豊中市東寺内町317-1,,,,1,,,,,,34.77533405,135.49673015,
187,E2720300185201,寺内南公園,大阪府豊中市東寺内町320,,,,1,,,,,,34.772957852454,135.49573812716,
188,E2720300186202,東泉丘小学校グラウンド,大阪府豊中市東泉丘3-2-1,,,,1,,,,,1,34.787653832886,135.49195010331,
189,E2720300186201,東泉丘小学校体育館及び校舎の一部,大阪府豊中市東泉丘3-2-1,1,,1,,,,,,1,34.78787,135.492378,
190,E2720300187201,東泉丘４丁目第２公園,大阪府豊中市東泉丘4-3-1,,,,1,,,,,,34.783633611633,135.49121476418,
191,E2720300190201,東豊中小学校体育館及び校舎の一部,大阪府豊中市東豊中町5-1-1,1,,1,,,,,,1,34.797221,135.484394,
192,E2720300190202,東豊中小学校グラウンド,大阪府豊中市東豊中町5-1-1,,,,1,,,,,1,34.796557422162,135.48463048184,
193,E2720300191201,二ノ切池公園,大阪府豊中市東豊中町5-132,,,,1,,1,,,,34.7954006269,135.491040737,
194,E2720300192202,ゆたかこども園,大阪府豊中市東豊中町5-2-1,1,,1,,,,,,1,34.794945,135.488104,
195,E2720300192201,東豊中図書館,大阪府豊中市東豊中町5-2-1,1,,1,,,,,,1,34.795102,135.488178,
196,E2720300193201,東豊中こども園,大阪府豊中市東豊中町5-3-1,1,,1,,,,,,1,34.795179,135.484247,
197,E2720300194202,東豊台小学校グラウンド,大阪府豊中市東豊中町6-2-1,,,,1,,,,,1,34.79476448463,135.47940158099,
198,E2720300194201,東豊台小学校体育館及び校舎の一部,大阪府豊中市東豊中町6-2-1,1,,1,,,,,,1,34.795345,135.479267,
199,E2720300195201,萩ノ寺公園,大阪府豊中市南桜塚1-8-2,,,,1,,,,,,34.774247251537,135.46714013312,
200,E2720300196202,南桜塚小学校グラウンド,大阪府豊中市南桜塚2-2-1,,,,1,,,,,1,34.778139232243,135.47191911059,
201,E2720300196201,南桜塚小学校体育館及び校舎の一部,大阪府豊中市南桜塚2-2-1,1,,1,,,,,,1,34.778422,135.47167,
202,E2720300197201,皿池公園,大阪府豊中市南桜塚4-418,,,,1,,,,,,34.77903713,135.4788325,
203,E2720300288201,二葉第３住宅,大阪府豊中市二葉町1-15-20,1,,1,,,,,,,34.736989,135.464488,
204,E2720300287201,二葉住宅,大阪府豊中市二葉町1-15-5,1,,1,,,,,,,34.737559,135.463857,
205,E2720300199201,二葉町北第２公園,大阪府豊中市二葉町1-734-1,,,,1,,,,,,34.738538065425,135.46414939407,
206,E2720300202201,第十二中学校体育館及び校舎の一部,大阪府豊中市浜2-14-1,1,,1,,,,,,1,34.759953,135.481813,
207,E2720300202202,第十二中学校グラウンド,大阪府豊中市浜2-14-1,,,,1,,1,,,1,34.759361741661,135.48248414234,
208,E2720300205201,ふれあい緑地遊戯広場,大阪府豊中市服部寿町3-11,,,,1,,,,,,34.759310758509,135.46811797613,
209,E2720300206201,ふれあい緑地少年野球場,大阪府豊中市服部寿町4-3,,,,1,,1,,,,34.760217568011,135.46670576618,
210,E2720300207201,ふれあい緑地庭球場及び駐車場,大阪府豊中市服部寿町4-7,,,,1,,1,,,,34.758648621126,135.46728512332,
211,E2720300208201,ふれあい緑地芝生広場－３,大阪府豊中市服部寿町5-56,,,,1,,,,,,34.760235811845,135.46541976857,
212,E2720300209201,ロイヤルホームセンター豊中,大阪府豊中市服部寿町5-92-1,1,,1,,,,,,,34.7600951904102,135.462985225532,
213,E2720300211201,豊島小学校体育館及び校舎の一部,大阪府豊中市服部西町3-6-5,1,,1,,,,,,1,34.762509,135.470637,
214,E2720300211202,豊島小学校グラウンド,大阪府豊中市服部西町3-6-5,,,,1,,,,,1,34.762100805739,135.47058032359,
215,E2720300213201,豊島体育館,大阪府豊中市服部西町4-12-1,1,,1,,,,,,1,34.763254,135.467575,
216,E2720300214201,青少年交流文化館いぶき,大阪府豊中市服部西町4-13-1,1,,1,,,,,,1,34.763132,135.466437,
217,E2720300215201,武道館ひびき,大阪府豊中市服部西町4-13-2,1,,1,,,,,,1,34.763469,135.466443,
218,E2720300216201,ふれあい緑地遊戯広場－２,大阪府豊中市服部西町4-7,,,,1,,,,,,34.761173124549,135.46649531926,
219,E2720300217201,豊島温水プール,大阪府豊中市服部西町5-1,,,,1,,1,,,,34.762310138532,135.46526150311,
220,E2720300218201,ふれあい緑地芝生広場－２,大阪府豊中市服部西町5-20,,,,1,,1,,,,34.761546518034,135.46428908818,
221,E2720300219201,豊島温水プール駐車場,大阪府豊中市服部西町5-5,,,,1,,,,,,34.762210443762,135.46449538495,
222,E2720300220201,ふれあい緑地芝生広場－１,大阪府豊中市服部西町5-6,,,,1,,,,,,34.762119215068,135.463854578,
223,E2720300223201,服部こども園,大阪府豊中市服部本町2-5-7,1,,1,,,,,,1,34.765013,135.477184,
224,E2720300224202,第四中学校グラウンド,大阪府豊中市服部本町4-5-7,,,,1,,,,,1,34.767808335414,135.47571471511,
225,E2720300224201,第四中学校体育館及び校舎の一部,大阪府豊中市服部本町4-5-7,1,,1,,,,,,1,34.768313,135.475585,
226,E2720300225201,服部図書館,大阪府豊中市服部本町5-2-8,1,,1,,,,,,1,34.769345,135.477354,
227,E2720300226201,穂積南公園,大阪府豊中市穂積1-498-1,,,,1,,,,,,34.756464409863,135.47070305533,
228,E2720300228201,山ノ上センター,大阪府豊中市宝山町7-5,1,,1,,,,,,1,34.780673,135.45772,
229,E2720300230202,豊南小学校グラウンド,大阪府豊中市豊南町西2-19-1,,,,1,,,,,1,34.749470924444,135.48137248338,
230,E2720300230201,豊南小学校体育館及び校舎の一部,大阪府豊中市豊南町西2-19-1,1,,1,,,,,,1,34.749963,135.481527,
231,E2720300233201,高川小学校体育館及び校舎の一部,大阪府豊中市豊南町東1-1-1,1,,1,,,,,,1,34.753785,135.484165,
232,E2720300233202,高川小学校グラウンド,大阪府豊中市豊南町東1-1-1,,,,1,,,,,1,34.753540523796,135.48502804923,
233,E2720300275201,万代豊中豊南店,大阪府豊中市豊南町東3-1-20,1,,1,,,,,,,34.750708,135.483927,
234,E2720300235201,豊南東公園,大阪府豊中市豊南町東3-15-1,,,,1,,,,,,34.750700751954,135.48585531558,
235,E2720300277201,チャンピオン豊中店,大阪府豊中市豊南町東4-8-13,1,,1,,,,,,,34.747303,135.483895,
236,E2720300237201,大門公園,大阪府豊中市北桜塚1-27-1,,,,1,,1,,,,34.782970948288,135.46724671852,
237,E2720300238201,生活情報センターくらしかん,大阪府豊中市北桜塚2-2-1,1,,1,,,,,,1,34.784325,135.468575,
238,E2720300239202,桜塚小学校グラウンド,大阪府豊中市北桜塚2-6-1,,,,1,,,,,1,34.785275094589,135.468205473,
239,E2720300239201,桜塚小学校体育館及び校舎の一部,大阪府豊中市北桜塚2-6-1,1,,1,,,,,,1,34.785301,135.467601,
240,E2720300240201,大曽公園,大阪府豊中市北桜塚4-47,,,,1,,1,,,,34.78620857,135.47203959,
241,E2720300241201,北条西公園,大阪府豊中市北条町1-292-1,,,,1,,,,,,34.76514773,135.48242512,
242,E2720300242201,北条小学校体育館及び校舎の一部,大阪府豊中市北条町2-16-1,1,,1,,,,,,1,34.768539,135.484723,
243,E2720300242202,北条小学校グラウンド,大阪府豊中市北条町2-16-1,,,,1,,1,,,1,34.768481519052,135.48573690294,
244,E2720300244202,第十六中学校グラウンド,大阪府豊中市北条町3-18-1,,,,1,,,,,1,34.766255768971,135.48550419775,
245,E2720300244201,第十六中学校体育館及び校舎の一部,大阪府豊中市北条町3-18-1,1,,1,,,,,,1,34.766618,135.48549,
246,E2720300245201,北条公園,大阪府豊中市北条町3-1879-2,,,,1,,,,,,34.765710113473,135.48570027727,
247,E2720300246202,第十四中学校グラウンド,大阪府豊中市北緑丘1-1-1,,,,1,,,,,1,34.816043,135.474753,
248,E2720300246201,第十四中学校体育館及び校舎の一部,大阪府豊中市北緑丘1-1-1,1,1,1,,,,,,1,34.816909,135.475023,
249,E2720300247201,のばたけこども園,大阪府豊中市北緑丘1-3-1,1,,1,,,,,,1,34.817949,135.474296,
250,E2720300248201,北緑丘こども園,大阪府豊中市北緑丘2-2-1,1,,1,,,,,,1,34.816845,135.478668,
251,E2720300249202,北緑丘小学校グラウンド,大阪府豊中市北緑丘2-4-1,,,,1,,,,,1,34.817404,135.480071,
252,E2720300249201,北緑丘小学校体育館及び校舎の一部,大阪府豊中市北緑丘2-4-1,1,,1,,,,,,1,34.817449,135.479445,
253,E2720300250201,豊島高等学校グラウンド,大阪府豊中市北緑丘3-2-1,,,,1,,1,,,1,34.816997,135.487236,
254,E2720300251202,大池小学校グラウンド,大阪府豊中市本町1-7-12,,,,1,,,,,1,34.788014277437,135.46415051468,
255,E2720300251201,大池小学校体育館及び校舎の一部,大阪府豊中市本町1-7-12,1,,1,,,,,,1,34.788018,135.463698,
256,E2720300252201,観音池公園,大阪府豊中市本町5-163,,,,1,,,,,,34.78794801,135.46585638,
257,E2720300253201,本町こども園,大阪府豊中市本町5-8-52,1,,1,,,,,,1,34.787459,135.467324,
258,E2720300254201,稲荷山公園,大阪府豊中市本町7-23-1,,,,1,,,,,,34.7901251,135.46585036,
259,E2720300255201,本町北公園,大阪府豊中市本町9-203-5,,,,1,,,,,,34.79579119,135.46575411,
260,E2720300256202,箕輪小学校グラウンド,大阪府豊中市箕輪1-1-1,,,,1,,,,,1,34.783307513804,135.45428960683,
261,E2720300256201,箕輪小学校体育館及び校舎の一部,大阪府豊中市箕輪1-1-1,1,,1,,,,,,1,34.782847,135.454478,
262,E2720300257201,箕輪センター,大阪府豊中市箕輪1-20-1,1,,1,,,,,,1,34.786406,135.45307,
263,E2720300258201,箕輪３丁目公園,大阪府豊中市箕輪3-40-13,,,,1,,,,,,34.785672681479,135.44899056419,
264,E2720300259201,旧野田小学校体育館及び校舎の一部,大阪府豊中市野田町1-1,1,,1,,,,,,1,34.75335,135.472831,
265,E2720300259202,旧野田小学校グラウンド,大阪府豊中市野田町1-1,,,,1,,,,,1,34.753277151737,135.47361995067,
266,E2720300261201,野田中央公園,大阪府豊中市野田町1505,,,,1,,1,,,,34.755289848023,135.47245145944,
267,E2720300283201,野田第２住宅,大阪府豊中市野田町17-1,1,,1,,,,,,,34.754437,135.471697,
268,E2720300279201,ＳＯＭＰＯケアそんぽの家豊中野田,大阪府豊中市野田町20-1,1,,1,,,,,,,34.753919,135.471766,
269,E2720300264201,夕日丘公園,大阪府豊中市夕日丘1-696-1,,,,1,,,,,,34.7845166345,135.47589753913,
270,E2720300281201,ＳＯＭＰＯケアそんぽの家豊中戸利倉,大阪府豊中市利倉西2-1-1,1,,1,,,,,,,34.760658,135.454723,
271,E2720300267202,第五中学校グラウンド,大阪府豊中市立花町1-10-1,,,,1,,,,,1,34.78469385543,135.4572320515,
272,E2720300267201,第五中学校体育館及び校舎の一部,大阪府豊中市立花町1-10-1,1,,1,,,,,,1,34.785457,135.457499,
273,E2720300268201,緑丘公園,大阪府豊中市緑丘2-266-2,,,,1,,,,,,34.806666718038,135.48197631768,
274,E2720300273201,イオンタウン豊中緑丘,大阪府豊中市緑丘4-1,,,,1,,,,,,34.812193,135.478724,
275,E2720300269201,清谷池公園,大阪府豊中市緑丘4-214-19,,,,1,,,,,,34.815047148592,135.47999451841,
276,E2720300270201,緑丘北公園,大阪府豊中市緑丘5-80-12,,,,1,,,,,,34.816036663066,135.48245858779,
